TEAM,W,L,WIN%,GB,CONF,DIV,HOME,ROAD,OT,SEASON,STREAK,LAST 10
New York Knicks,52,30,0.634,--  ,25-13,10-6 ,32-9 ,20-21,0-0 ,1970-71,,
Washington Wizards,42,40,0.512,10  ,21-17,10-6 ,26-15,16-25,0-0 ,1970-71,,
Philadelphia 76ers,47,35,0.573,5   ,23-15,10-6 ,26-15,21-20,0-0 ,1970-71,,
Atlanta Hawks,36,46,0.439,16  ,21-17,9-7  ,21-20,15-26,0-0 ,1970-71,,
Boston Celtics,44,38,0.537,8   ,22-16,8-8  ,26-14,18-24,0-0 ,1970-71,,
Sacramento Kings,33,49,0.402,19  ,21-19,12-6 ,21-16,12-33,0-0 ,1970-71,,
Los Angeles Clippers,22,60,0.268,30  ,9-27 ,2-10 ,16-26,6-34 ,0-0 ,1970-71,,
Cleveland Cavaliers,15,67,0.183,37  ,10-28,1-13 ,11-30,4-37 ,0-0 ,1970-71,,
Milwaukee Bucks,66,16,0.805,--  ,36-8 ,14-4 ,38-3 ,28-13,0-0 ,1970-71,,
Los Angeles Lakers,48,34,0.585,18  ,25-19,15-7 ,31-11,17-23,0-0 ,1970-71,,
Chicago Bulls,51,31,0.622,15  ,25-20,7-11 ,31-11,20-20,0-0 ,1970-71,,
Golden State Warriors,41,41,0.5,25  ,20-24,12-10,22-19,19-22,0-0 ,1970-71,,
Phoenix Suns,48,34,0.585,18  ,25-19,9-9  ,28-14,20-20,0-0 ,1970-71,,
Detroit Pistons,45,37,0.549,21  ,19-23,6-12 ,25-17,20-20,0-0 ,1970-71,,
Houston Rockets,40,42,0.488,26  ,21-24,14-8 ,25-16,15-26,0-0 ,1970-71,,
Oklahoma City Thunder,38,44,0.463,28  ,16-28,10-14,27-13,11-31,0-0 ,1970-71,,
Portland Trail Blazers,29,53,0.354,37  ,6-28 ,3-15 ,20-22,9-31 ,0-0 ,1970-71,,
Boston Celtics,56,26,0.683,--  ,30-8 ,15-3 ,33-9 ,23-17,0-0 ,1971-72,,
Washington Wizards,38,44,0.463,18  ,20-18,9-9  ,22-19,16-25,0-0 ,1971-72,,
New York Knicks,48,34,0.585,8   ,23-15,11-7 ,27-14,21-20,0-0 ,1971-72,,
Atlanta Hawks,36,46,0.439,20  ,19-19,9-9  ,22-19,14-27,0-0 ,1971-72,,
Philadelphia 76ers,30,52,0.366,26  ,15-23,6-12 ,16-25,14-27,0-0 ,1971-72,,
Sacramento Kings,30,52,0.366,26  ,20-20,11-9 ,22-18,8-34 ,0-0 ,1971-72,,
Cleveland Cavaliers,23,59,0.28,33  ,15-29,9-11 ,13-28,10-31,0-0 ,1971-72,,
Los Angeles Clippers,22,60,0.268,34  ,16-26,4-14 ,14-27,8-33 ,0-0 ,1971-72,,
Los Angeles Lakers,69,13,0.841,--  ,36-8 ,21-3 ,37-5 ,32-8 ,0-0 ,1971-72,,
Milwaukee Bucks,63,19,0.768,6   ,33-11,13-5 ,34-7 ,29-12,0-0 ,1971-72,,
Chicago Bulls,57,25,0.695,12  ,29-16,12-6 ,29-12,28-13,0-0 ,1971-72,,
Golden State Warriors,51,31,0.622,18  ,26-18,14-10,30-10,21-21,0-0 ,1971-72,,
Phoenix Suns,49,33,0.598,20  ,24-20,7-11 ,30-11,19-22,0-0 ,1971-72,,
Oklahoma City Thunder,47,35,0.573,22  ,21-23,12-12,29-12,18-23,0-0 ,1971-72,,
Houston Rockets,34,48,0.415,35  ,14-31,9-15 ,19-23,15-25,0-0 ,1971-72,,
Detroit Pistons,26,56,0.317,43  ,10-32,4-14 ,16-25,10-31,0-0 ,1971-72,,
Portland Trail Blazers,18,64,0.22,51  ,6-40 ,4-20 ,14-26,4-38 ,0-0 ,1971-72,,
Boston Celtics,68,14,0.829,--  ,38-8 ,18-4 ,35-6 ,33-8 ,0-0 ,1972-73,,
Washington Wizards,52,30,0.634,16  ,31-15,17-5 ,29-12,23-18,0-0 ,1972-73,,
New York Knicks,57,25,0.695,11  ,33-13,16-6 ,35-6 ,22-19,0-0 ,1972-73,,
Atlanta Hawks,46,36,0.561,22  ,25-21,10-12,28-13,18-23,0-0 ,1972-73,,
Houston Rockets,33,49,0.402,35  ,21-25,9-13 ,21-20,12-29,0-0 ,1972-73,,
Cleveland Cavaliers,32,50,0.39,36  ,20-26,8-14 ,20-21,12-29,0-0 ,1972-73,,
Los Angeles Clippers,21,61,0.256,47  ,12-34,8-14 ,14-27,7-34 ,0-0 ,1972-73,,
Philadelphia 76ers,9,73,0.11,59  ,4-42 ,2-20 ,6-35 ,3-38 ,0-0 ,1972-73,,
Milwaukee Bucks,60,22,0.732,--  ,38-12,15-5 ,35-6 ,25-16,0-0 ,1972-73,,
Los Angeles Lakers,60,22,0.732,--  ,40-10,22-4 ,30-11,30-11,0-0 ,1972-73,,
Chicago Bulls,51,31,0.622,9   ,28-22,10-10,29-12,22-19,0-0 ,1972-73,,
Golden State Warriors,47,35,0.573,13  ,26-24,14-12,27-14,20-21,0-0 ,1972-73,,
Detroit Pistons,40,42,0.488,20  ,24-26,9-11 ,26-15,14-27,0-0 ,1972-73,,
Phoenix Suns,38,44,0.463,22  ,22-28,14-12,22-19,16-25,0-0 ,1972-73,,
Sacramento Kings,36,46,0.439,24  ,20-30,6-14 ,24-17,12-29,0-0 ,1972-73,,
Oklahoma City Thunder,26,56,0.317,34  ,17-33,9-17 ,16-25,10-31,0-0 ,1972-73,,
Portland Trail Blazers,21,61,0.256,39  ,10-40,6-20 ,13-28,8-33 ,0-0 ,1972-73,,
Boston Celtics,56,26,0.683,--  ,32-14,17-5 ,34-6 ,22-20,0-0 ,1973-74,,
Washington Wizards,47,35,0.573,9   ,28-18,14-8 ,32-10,15-25,0-0 ,1973-74,,
New York Knicks,49,33,0.598,7   ,25-21,10-12,28-13,21-20,0-0 ,1973-74,,
Los Angeles Clippers,42,40,0.512,14  ,28-18,12-10,25-13,17-27,0-0 ,1973-74,,
Atlanta Hawks,35,47,0.427,21  ,20-26,13-9 ,23-18,12-29,0-0 ,1973-74,,
Houston Rockets,32,50,0.39,24  ,21-25,9-13 ,19-23,13-27,0-0 ,1973-74,,
Cleveland Cavaliers,29,53,0.354,27  ,17-29,8-14 ,18-23,11-30,0-0 ,1973-74,,
Philadelphia 76ers,25,57,0.305,31  ,13-33,5-17 ,16-25,9-32 ,0-0 ,1973-74,,
Milwaukee Bucks,59,23,0.72,--  ,34-16,14-6 ,35-7 ,24-16,0-0 ,1973-74,,
Los Angeles Lakers,47,35,0.573,12  ,30-20,14-12,30-11,17-24,0-0 ,1973-74,,
Chicago Bulls,54,28,0.659,5   ,30-20,13-7 ,33-9 ,21-19,0-0 ,1973-74,,
Detroit Pistons,52,30,0.634,7   ,34-16,9-11 ,29-12,23-18,0-0 ,1973-74,,
Golden State Warriors,44,38,0.537,15  ,24-26,15-11,23-18,21-20,0-0 ,1973-74,,
Oklahoma City Thunder,36,46,0.439,23  ,21-29,12-14,22-19,14-27,0-0 ,1973-74,,
Sacramento Kings,33,49,0.402,26  ,18-32,4-16 ,20-21,13-28,0-0 ,1973-74,,
Phoenix Suns,30,52,0.366,29  ,16-34,11-15,24-17,6-35 ,0-0 ,1973-74,,
Portland Trail Blazers,27,55,0.329,32  ,18-32,13-13,22-19,5-36 ,0-0 ,1973-74,,
Boston Celtics,60,22,0.732,--  ,34-12,17-9 ,28-13,32-9 ,0-0 ,1974-75,,
Washington Wizards,60,22,0.732,--  ,32-14,22-8 ,36-5 ,24-17,0-0 ,1974-75,,
Los Angeles Clippers,49,33,0.598,11  ,29-17,15-11,30-11,19-22,0-0 ,1974-75,,
Houston Rockets,41,41,0.5,19  ,20-26,15-15,28-12,12-30,0-0 ,1974-75,,
New York Knicks,40,42,0.488,20  ,22-24,9-17 ,23-18,17-24,0-0 ,1974-75,,
Cleveland Cavaliers,40,42,0.488,20  ,24-22,18-12,30-12,11-29,0-0 ,1974-75,,
Philadelphia 76ers,34,48,0.415,26  ,19-27,11-15,20-21,14-27,0-0 ,1974-75,,
Atlanta Hawks,31,51,0.378,29  ,14-32,11-19,22-19,9-32 ,0-0 ,1974-75,,
Utah Jazz,23,59,0.28,37  ,13-33,9-21 ,20-21,3-38 ,0-0 ,1974-75,,
Golden State Warriors,48,34,0.585,--  ,28-18,19-11,31-10,17-24,0-0 ,1974-75,,
Chicago Bulls,47,35,0.573,1   ,25-21,11-15,29-12,18-23,0-0 ,1974-75,,
Sacramento Kings,44,38,0.537,4   ,29-17,17-9 ,29-12,15-26,0-0 ,1974-75,,
Oklahoma City Thunder,43,39,0.524,5   ,26-20,18-12,24-16,19-23,0-0 ,1974-75,,
Detroit Pistons,40,42,0.488,8   ,21-25,10-16,26-15,14-27,0-0 ,1974-75,,
Portland Trail Blazers,38,44,0.463,10  ,22-24,16-14,29-13,9-31 ,0-0 ,1974-75,,
Milwaukee Bucks,38,44,0.463,10  ,20-26,14-12,25-16,13-28,0-0 ,1974-75,,
Phoenix Suns,32,50,0.39,16  ,19-27,12-18,22-19,10-31,0-0 ,1974-75,,
Los Angeles Lakers,30,52,0.366,18  ,17-29,10-20,21-20,9-32 ,0-0 ,1974-75,,
Boston Celtics,54,28,0.659,--  ,30-16,13-8 ,31-10,23-18,0-0 ,1975-76,,
Cleveland Cavaliers,49,33,0.598,5   ,25-21,15-11,29-12,20-21,0-0 ,1975-76,,
Washington Wizards,48,34,0.585,6   ,24-22,14-12,31-10,17-24,0-0 ,1975-76,,
Los Angeles Clippers,46,36,0.561,8   ,25-21,10-11,28-14,18-22,0-0 ,1975-76,,
Philadelphia 76ers,46,36,0.561,8   ,22-24,9-12 ,34-7 ,12-29,0-0 ,1975-76,,
Houston Rockets,40,42,0.488,14  ,23-23,14-12,27-13,13-29,0-0 ,1975-76,,
Utah Jazz,38,44,0.463,16  ,20-26,15-11,22-19,16-25,0-0 ,1975-76,,
New York Knicks,38,44,0.463,16  ,22-24,10-11,24-17,14-27,0-0 ,1975-76,,
Atlanta Hawks,29,53,0.354,25  ,16-30,7-19 ,20-21,9-32 ,0-0 ,1975-76,,
Golden State Warriors,59,23,0.72,--  ,35-11,17-9 ,36-5 ,23-18,0-0 ,1975-76,,
Milwaukee Bucks,38,44,0.463,21  ,23-23,13-8 ,22-19,16-25,0-0 ,1975-76,,
Oklahoma City Thunder,43,39,0.524,16  ,23-23,12-14,31-10,12-29,0-0 ,1975-76,,
Phoenix Suns,42,40,0.512,17  ,26-20,15-11,27-14,15-26,0-0 ,1975-76,,
Detroit Pistons,36,46,0.439,23  ,19-27,12-9 ,24-17,12-29,0-0 ,1975-76,,
Los Angeles Lakers,40,42,0.488,19  ,21-25,10-16,31-11,9-31 ,0-0 ,1975-76,,
Portland Trail Blazers,37,45,0.451,22  ,26-20,11-15,25-15,12-30,0-0 ,1975-76,,
Sacramento Kings,31,51,0.378,28  ,18-28,10-11,25-16,6-35 ,0-0 ,1975-76,,
Chicago Bulls,24,58,0.293,35  ,16-30,7-14 ,15-26,9-32 ,0-0 ,1975-76,,
Philadelphia 76ers,50,32,0.61,--  ,28-12,11-5 ,32-9 ,18-23,0-0 ,1976-77,,
Houston Rockets,49,33,0.598,1   ,23-17,13-7 ,34-7 ,15-26,0-0 ,1976-77,,
Washington Wizards,48,34,0.585,2   ,25-15,11-9 ,32-9 ,16-25,0-0 ,1976-77,,
Boston Celtics,44,38,0.537,6   ,22-18,9-7  ,28-13,16-25,0-0 ,1976-77,,
San Antonio Spurs,44,38,0.537,6   ,22-18,9-11 ,31-10,13-28,0-0 ,1976-77,,
Cleveland Cavaliers,43,39,0.524,7   ,19-21,8-12 ,29-12,14-27,0-0 ,1976-77,,
New York Knicks,40,42,0.488,10  ,19-21,8-8  ,26-15,14-27,0-0 ,1976-77,,
Utah Jazz,35,47,0.427,15  ,18-22,10-10,26-15,9-32 ,0-0 ,1976-77,,
Atlanta Hawks,31,51,0.378,19  ,18-22,9-11 ,19-22,12-29,0-0 ,1976-77,,
Los Angeles Clippers,30,52,0.366,20  ,12-28,6-10 ,23-18,7-34 ,0-0 ,1976-77,,
Brooklyn Nets,22,60,0.268,28  ,14-26,6-10 ,10-31,12-29,0-0 ,1976-77,,
Los Angeles Lakers,53,29,0.646,--  ,26-14,11-5 ,37-4 ,16-25,0-0 ,1976-77,,
Denver Nuggets,50,32,0.61,3   ,28-12,15-5 ,36-5 ,14-27,0-0 ,1976-77,,
Portland Trail Blazers,49,33,0.598,4   ,26-14,10-6 ,35-6 ,14-27,0-0 ,1976-77,,
Golden State Warriors,46,36,0.561,7   ,19-21,8-8  ,29-12,17-24,0-0 ,1976-77,,
Detroit Pistons,44,38,0.537,9   ,21-19,12-8 ,30-11,14-27,0-0 ,1976-77,,
Chicago Bulls,44,38,0.537,9   ,19-21,10-10,31-10,13-28,0-0 ,1976-77,,
Oklahoma City Thunder,40,42,0.488,13  ,19-21,6-10 ,27-14,13-28,0-0 ,1976-77,,
Sacramento Kings,40,42,0.488,13  ,17-23,7-13 ,28-13,12-29,0-0 ,1976-77,,
Indiana Pacers,36,46,0.439,17  ,14-26,9-11 ,25-16,11-30,0-0 ,1976-77,,
Phoenix Suns,34,48,0.415,19  ,16-24,5-11 ,26-15,8-33 ,0-0 ,1976-77,,
Milwaukee Bucks,30,52,0.366,23  ,15-25,7-13 ,24-17,6-35 ,0-0 ,1976-77,,
Philadelphia 76ers,55,27,0.671,--  ,28-12,14-2 ,37-4 ,18-23,0-0 ,1977-78,,
San Antonio Spurs,52,30,0.634,3   ,29-11,15-5 ,32-9 ,20-21,0-0 ,1977-78,,
Washington Wizards,44,38,0.537,11  ,26-14,14-6 ,29-12,15-26,0-0 ,1977-78,,
Cleveland Cavaliers,43,39,0.524,12  ,22-18,9-11 ,27-14,16-25,0-0 ,1977-78,,
New York Knicks,43,39,0.524,12  ,19-21,7-9  ,29-12,14-27,0-0 ,1977-78,,
Atlanta Hawks,41,41,0.5,14  ,20-20,8-12 ,29-12,12-29,0-0 ,1977-78,,
Utah Jazz,39,43,0.476,16  ,19-21,8-12 ,27-14,12-29,0-0 ,1977-78,,
Boston Celtics,32,50,0.39,23  ,16-24,8-8  ,24-17,8-33 ,0-0 ,1977-78,,
Houston Rockets,28,54,0.341,27  ,15-25,6-14 ,21-20,7-34 ,0-0 ,1977-78,,
Los Angeles Clippers,27,55,0.329,28  ,16-24,7-9  ,20-21,7-34 ,0-0 ,1977-78,,
Brooklyn Nets,24,58,0.293,31  ,10-30,4-12 ,18-23,6-35 ,0-0 ,1977-78,,
Portland Trail Blazers,58,24,0.707,--  ,30-10,13-3 ,36-5 ,22-19,0-0 ,1977-78,,
Denver Nuggets,48,34,0.585,10  ,22-18,11-9 ,33-8 ,15-26,0-0 ,1977-78,,
Phoenix Suns,49,33,0.598,9   ,24-16,8-8  ,34-7 ,15-26,0-0 ,1977-78,,
Oklahoma City Thunder,47,35,0.573,11  ,25-15,8-8  ,31-10,16-25,0-0 ,1977-78,,
Los Angeles Lakers,45,37,0.549,13  ,19-21,6-10 ,29-12,16-25,0-0 ,1977-78,,
Milwaukee Bucks,44,38,0.537,14  ,20-20,14-6 ,28-13,16-25,0-0 ,1977-78,,
Golden State Warriors,43,39,0.524,15  ,20-20,5-11 ,30-11,13-28,0-0 ,1977-78,,
Chicago Bulls,40,42,0.488,18  ,16-24,8-12 ,29-12,11-30,0-0 ,1977-78,,
Detroit Pistons,38,44,0.463,20  ,16-24,8-12 ,24-17,14-27,0-0 ,1977-78,,
Indiana Pacers,31,51,0.378,27  ,13-27,8-12 ,21-20,10-31,0-0 ,1977-78,,
Sacramento Kings,31,51,0.378,27  ,15-25,11-9 ,22-19,9-32 ,0-0 ,1977-78,,
Washington Wizards,54,28,0.659,--  ,29-11,11-5 ,31-10,23-18,0-0 ,1978-79,,
San Antonio Spurs,48,34,0.585,6   ,24-16,11-9 ,29-12,19-22,0-0 ,1978-79,,
Houston Rockets,47,35,0.573,7   ,24-16,12-8 ,30-11,17-24,0-0 ,1978-79,,
Philadelphia 76ers,47,35,0.573,7   ,25-15,9-7  ,31-10,16-25,0-0 ,1978-79,,
Atlanta Hawks,46,36,0.561,8   ,24-16,14-6 ,34-7 ,12-29,0-0 ,1978-79,,
Brooklyn Nets,37,45,0.451,17  ,18-22,7-9  ,25-16,12-29,0-0 ,1978-79,,
New York Knicks,31,51,0.378,23  ,17-23,7-9  ,23-18,8-33 ,0-0 ,1978-79,,
Cleveland Cavaliers,30,52,0.366,24  ,15-25,6-14 ,20-21,10-31,0-0 ,1978-79,,
Detroit Pistons,30,52,0.366,24  ,14-26,9-11 ,22-19,8-33 ,0-0 ,1978-79,,
Boston Celtics,29,53,0.354,25  ,15-25,6-10 ,21-20,8-33 ,0-0 ,1978-79,,
Utah Jazz,26,56,0.317,28  ,15-25,8-12 ,22-19,4-37 ,0-0 ,1978-79,,
Oklahoma City Thunder,52,30,0.634,--  ,24-16,11-9 ,31-10,21-20,0-0 ,1978-79,,
Sacramento Kings,48,34,0.585,4   ,23-17,12-4 ,32-9 ,16-25,0-0 ,1978-79,,
Phoenix Suns,50,32,0.61,2   ,21-19,11-9 ,32-9 ,18-23,0-0 ,1978-79,,
Denver Nuggets,47,35,0.573,5   ,24-16,8-8  ,29-12,18-23,0-0 ,1978-79,,
Los Angeles Lakers,47,35,0.573,5   ,24-16,11-9 ,31-10,16-25,0-0 ,1978-79,,
Portland Trail Blazers,45,37,0.549,7   ,17-23,8-12 ,33-8 ,12-29,0-0 ,1978-79,,
Los Angeles Clippers,43,39,0.524,9   ,25-15,11-9 ,29-12,14-27,0-0 ,1978-79,,
Indiana Pacers,38,44,0.463,14  ,14-26,6-10 ,25-16,13-28,0-0 ,1978-79,,
Milwaukee Bucks,38,44,0.463,14  ,19-21,9-7  ,28-13,10-31,0-0 ,1978-79,,
Golden State Warriors,38,44,0.463,14  ,15-25,8-12 ,23-18,15-26,0-0 ,1978-79,,
Chicago Bulls,31,51,0.378,21  ,14-26,5-11 ,19-22,12-29,0-0 ,1978-79,,
Boston Celtics,61,21,0.744,--  ,45-15,17-7 ,35-6 ,26-15,0-0 ,1979-80,,
Atlanta Hawks,50,32,0.61,11  ,38-22,21-9 ,32-9 ,18-23,0-0 ,1979-80,,
Philadelphia 76ers,59,23,0.72,2   ,44-16,19-5 ,36-5 ,23-18,0-0 ,1979-80,,
San Antonio Spurs,41,41,0.5,20  ,27-33,14-16,27-14,14-27,0-0 ,1979-80,,
Houston Rockets,41,41,0.5,20  ,30-30,20-10,29-12,12-29,0-0 ,1979-80,,
Washington Wizards,39,43,0.476,22  ,27-33,9-15 ,24-17,15-26,0-0 ,1979-80,,
New York Knicks,39,43,0.476,22  ,26-34,8-16 ,25-16,14-27,0-0 ,1979-80,,
Indiana Pacers,37,45,0.451,24  ,28-32,15-15,26-15,11-30,0-0 ,1979-80,,
Cleveland Cavaliers,37,45,0.451,24  ,28-32,16-14,28-13,9-32 ,0-0 ,1979-80,,
Brooklyn Nets,34,48,0.415,27  ,26-34,7-17 ,22-19,12-29,0-0 ,1979-80,,
Detroit Pistons,16,66,0.195,45  ,11-49,4-26 ,13-28,3-38 ,0-0 ,1979-80,,
Los Angeles Lakers,60,22,0.732,--  ,42-18,19-11,37-4 ,23-18,0-0 ,1979-80,,
Milwaukee Bucks,49,33,0.598,11  ,39-21,15-9 ,28-12,21-21,0-0 ,1979-80,,
Oklahoma City Thunder,56,26,0.683,4   ,39-21,18-12,33-8 ,23-18,0-0 ,1979-80,,
Phoenix Suns,55,27,0.671,5   ,42-18,19-11,37-5 ,18-22,0-0 ,1979-80,,
Sacramento Kings,47,35,0.573,13  ,33-27,18-6 ,30-11,17-24,0-0 ,1979-80,,
Portland Trail Blazers,38,44,0.463,22  ,29-31,13-17,26-15,12-29,0-0 ,1979-80,,
Los Angeles Clippers,35,47,0.427,25  ,26-34,13-17,24-17,11-30,0-0 ,1979-80,,
Denver Nuggets,30,52,0.366,30  ,21-39,10-14,24-17,6-35 ,0-0 ,1979-80,,
Chicago Bulls,30,52,0.366,30  ,23-37,8-16 ,21-20,9-32 ,0-0 ,1979-80,,
Golden State Warriors,24,58,0.293,36  ,19-41,8-22 ,15-26,9-32 ,0-0 ,1979-80,,
Utah Jazz,24,58,0.293,36  ,17-43,9-15 ,17-24,7-34 ,0-0 ,1979-80,,
Boston Celtics,62,20,0.756,--  ,42-16,19-5 ,35-6 ,27-14,0-0 ,1980-81,,
Philadelphia 76ers,62,20,0.756,--  ,42-16,15-9 ,37-4 ,25-16,0-0 ,1980-81,,
Milwaukee Bucks,60,22,0.732,2   ,41-17,23-7 ,34-7 ,26-15,0-0 ,1980-81,,
New York Knicks,50,32,0.61,12  ,36-22,14-10,28-13,22-19,0-0 ,1980-81,,
Chicago Bulls,45,37,0.549,17  ,34-24,20-9 ,26-15,19-22,0-0 ,1980-81,,
Indiana Pacers,44,38,0.537,18  ,32-26,17-12,27-14,17-24,0-0 ,1980-81,,
Washington Wizards,39,43,0.476,23  ,23-35,8-16 ,26-15,13-28,0-0 ,1980-81,,
Atlanta Hawks,31,51,0.378,31  ,18-40,9-21 ,20-21,11-30,0-0 ,1980-81,,
Cleveland Cavaliers,28,54,0.341,34  ,19-39,11-19,20-21,8-33 ,0-0 ,1980-81,,
Brooklyn Nets,24,58,0.293,38  ,16-42,4-20 ,16-25,8-33 ,0-0 ,1980-81,,
Detroit Pistons,21,61,0.256,41  ,16-42,9-21 ,14-27,7-34 ,0-0 ,1980-81,,
Phoenix Suns,57,25,0.695,--  ,44-16,22-8 ,36-5 ,21-20,0-0 ,1980-81,,
San Antonio Spurs,52,30,0.634,5   ,40-20,21-9 ,34-7 ,18-23,0-0 ,1980-81,,
Los Angeles Lakers,54,28,0.659,3   ,39-21,19-11,30-11,24-17,0-0 ,1980-81,,
Portland Trail Blazers,45,37,0.549,12  ,33-27,18-12,30-11,15-26,0-0 ,1980-81,,
Houston Rockets,40,42,0.488,17  ,32-28,19-11,25-16,15-26,0-0 ,1980-81,,
Sacramento Kings,40,42,0.488,17  ,30-30,19-11,24-17,16-25,0-0 ,1980-81,,
Golden State Warriors,39,43,0.476,18  ,28-32,10-20,26-15,13-28,0-0 ,1980-81,,
Denver Nuggets,37,45,0.451,20  ,28-32,13-17,23-18,14-27,0-0 ,1980-81,,
Los Angeles Clippers,36,46,0.439,21  ,29-31,14-16,22-19,14-27,0-0 ,1980-81,,
Oklahoma City Thunder,34,48,0.415,23  ,23-37,7-23 ,22-19,12-29,0-0 ,1980-81,,
Utah Jazz,28,54,0.341,29  ,22-38,13-17,20-21,8-33 ,0-0 ,1980-81,,
Dallas Mavericks,15,67,0.183,42  ,12-48,5-25 ,11-30,4-37 ,0-0 ,1980-81,,
Boston Celtics,63,19,0.768,--  ,47-11,20-4 ,35-6 ,28-13,0-0 ,1981-82,,
Milwaukee Bucks,55,27,0.671,8   ,41-17,24-6 ,31-10,24-17,0-0 ,1981-82,,
Philadelphia 76ers,58,24,0.707,5   ,40-18,16-8 ,32-9 ,26-15,0-0 ,1981-82,,
Brooklyn Nets,44,38,0.537,19  ,31-27,12-12,25-16,19-22,0-0 ,1981-82,,
Washington Wizards,43,39,0.524,20  ,31-27,7-17 ,22-19,21-20,0-0 ,1981-82,,
Atlanta Hawks,42,40,0.512,21  ,29-29,15-14,24-17,18-23,0-0 ,1981-82,,
Detroit Pistons,39,43,0.476,24  ,27-31,19-11,23-18,16-25,0-0 ,1981-82,,
Indiana Pacers,35,47,0.427,28  ,23-35,14-16,25-16,10-31,0-0 ,1981-82,,
Chicago Bulls,34,48,0.415,29  ,22-36,12-17,22-19,12-29,0-0 ,1981-82,,
New York Knicks,33,49,0.402,30  ,22-36,5-19 ,19-22,14-27,0-0 ,1981-82,,
Cleveland Cavaliers,15,67,0.183,48  ,6-52 ,5-25 ,9-32 ,6-35 ,0-0 ,1981-82,,
Los Angeles Lakers,57,25,0.695,--  ,44-16,21-9 ,30-11,27-14,0-0 ,1981-82,,
San Antonio Spurs,48,34,0.585,9   ,35-25,20-10,29-12,19-22,0-0 ,1981-82,,
Oklahoma City Thunder,52,30,0.634,5   ,37-23,18-12,31-10,21-20,0-0 ,1981-82,,
Phoenix Suns,46,36,0.561,11  ,32-28,14-16,31-10,15-26,0-0 ,1981-82,,
Denver Nuggets,46,36,0.561,11  ,34-26,19-11,29-12,17-24,0-0 ,1981-82,,
Houston Rockets,46,36,0.561,11  ,35-25,17-13,25-16,21-20,0-0 ,1981-82,,
Golden State Warriors,45,37,0.549,12  ,32-28,15-15,28-13,17-24,0-0 ,1981-82,,
Portland Trail Blazers,42,40,0.512,15  ,34-26,15-15,27-14,15-26,0-0 ,1981-82,,
Sacramento Kings,30,52,0.366,27  ,22-38,11-19,23-18,7-34 ,0-0 ,1981-82,,
Dallas Mavericks,28,54,0.341,29  ,19-41,11-19,16-25,12-29,0-0 ,1981-82,,
Utah Jazz,25,57,0.305,32  ,21-39,12-18,18-23,7-34 ,0-0 ,1981-82,,
Los Angeles Clippers,17,65,0.207,40  ,15-45,7-23 ,11-30,6-35 ,0-0 ,1981-82,,
Philadelphia 76ers,65,17,0.793,--  ,44-14,15-9 ,35-6 ,30-11,0-0 ,1982-83,,
Milwaukee Bucks,51,31,0.622,14  ,36-22,22-7 ,31-10,20-21,0-0 ,1982-83,,
Boston Celtics,56,26,0.683,9   ,37-21,14-10,33-8 ,23-18,0-0 ,1982-83,,
Brooklyn Nets,49,33,0.598,16  ,35-23,11-13,30-11,19-22,0-0 ,1982-83,,
New York Knicks,44,38,0.537,21  ,31-27,10-14,26-15,18-23,0-0 ,1982-83,,
Atlanta Hawks,43,39,0.524,22  ,33-25,21-8 ,26-15,17-24,0-0 ,1982-83,,
Washington Wizards,42,40,0.512,23  ,29-29,10-14,27-14,15-26,0-0 ,1982-83,,
Detroit Pistons,37,45,0.451,28  ,29-29,19-11,23-18,14-27,0-0 ,1982-83,,
Chicago Bulls,28,54,0.341,37  ,20-38,13-17,18-23,10-31,0-0 ,1982-83,,
Cleveland Cavaliers,23,59,0.28,42  ,13-45,8-22 ,15-26,8-33 ,0-0 ,1982-83,,
Indiana Pacers,20,62,0.244,45  ,12-46,6-24 ,14-27,6-35 ,0-0 ,1982-83,,
Los Angeles Lakers,58,24,0.707,--  ,42-18,21-9 ,33-8 ,25-16,0-0 ,1982-83,,
San Antonio Spurs,53,29,0.646,5   ,39-21,21-9 ,31-10,22-19,0-0 ,1982-83,,
Phoenix Suns,53,29,0.646,5   ,42-18,21-9 ,32-9 ,21-20,0-0 ,1982-83,,
Oklahoma City Thunder,48,34,0.585,10  ,36-24,14-16,29-12,19-22,0-0 ,1982-83,,
Portland Trail Blazers,46,36,0.561,12  ,34-26,16-14,31-10,15-26,0-0 ,1982-83,,
Sacramento Kings,45,37,0.549,13  ,31-29,18-12,30-11,15-26,0-0 ,1982-83,,
Denver Nuggets,45,37,0.549,13  ,34-26,17-13,29-12,16-25,0-0 ,1982-83,,
Dallas Mavericks,38,44,0.463,20  ,32-28,15-15,23-18,15-26,0-0 ,1982-83,,
Golden State Warriors,30,52,0.366,28  ,22-38,11-19,21-20,9-32 ,0-0 ,1982-83,,
Utah Jazz,30,52,0.366,28  ,23-37,15-15,21-20,9-32 ,0-0 ,1982-83,,
Los Angeles Clippers,25,57,0.305,33  ,16-44,7-23 ,18-23,7-34 ,0-0 ,1982-83,,
Houston Rockets,14,68,0.171,44  ,9-51 ,4-26 ,9-32 ,5-36 ,0-0 ,1982-83,,
Boston Celtics,62,20,0.756,--  ,43-15,13-11,33-8 ,29-12,0-0 ,1983-84,,
Milwaukee Bucks,50,32,0.61,12  ,35-23,19-10,30-11,20-21,0-0 ,1983-84,,
Philadelphia 76ers,52,30,0.634,10  ,35-23,15-9 ,32-9 ,20-21,0-0 ,1983-84,,
Detroit Pistons,49,33,0.598,13  ,34-24,21-8 ,30-11,19-22,0-0 ,1983-84,,
New York Knicks,47,35,0.573,15  ,29-29,12-12,29-12,18-23,0-0 ,1983-84,,
Brooklyn Nets,45,37,0.549,17  ,33-25,12-12,29-12,16-25,0-0 ,1983-84,,
Atlanta Hawks,40,42,0.488,22  ,32-26,16-14,31-10,9-32 ,0-0 ,1983-84,,
Washington Wizards,35,47,0.427,27  ,23-35,8-16 ,25-16,10-31,0-0 ,1983-84,,
Cleveland Cavaliers,28,54,0.341,34  ,20-38,11-19,23-18,5-36 ,0-0 ,1983-84,,
Chicago Bulls,27,55,0.329,35  ,18-40,10-20,18-23,9-32 ,0-0 ,1983-84,,
Indiana Pacers,26,56,0.317,36  ,17-41,12-18,20-21,6-35 ,0-0 ,1983-84,,
Los Angeles Lakers,54,28,0.659,--  ,39-21,18-12,28-13,26-15,0-0 ,1983-84,,
Utah Jazz,45,37,0.549,9   ,35-25,15-15,31-10,14-27,0-0 ,1983-84,,
Portland Trail Blazers,48,34,0.585,6   ,36-24,17-13,33-8 ,15-26,0-0 ,1983-84,,
Dallas Mavericks,43,39,0.524,11  ,36-24,19-11,31-10,12-29,0-0 ,1983-84,,
Oklahoma City Thunder,42,40,0.512,12  ,31-29,14-16,32-9 ,10-31,0-0 ,1983-84,,
Phoenix Suns,41,41,0.5,13  ,33-27,16-14,31-10,10-31,0-0 ,1983-84,,
Denver Nuggets,38,44,0.463,16  ,27-33,16-14,27-14,11-30,0-0 ,1983-84,,
Sacramento Kings,38,44,0.463,16  ,26-34,17-13,26-15,12-29,0-0 ,1983-84,,
Golden State Warriors,37,45,0.451,17  ,27-33,13-17,27-14,10-31,0-0 ,1983-84,,
San Antonio Spurs,37,45,0.451,17  ,26-34,14-16,28-13,9-32 ,0-0 ,1983-84,,
Los Angeles Clippers,30,52,0.366,24  ,23-37,12-18,25-16,5-36 ,0-0 ,1983-84,,
Houston Rockets,29,53,0.354,25  ,21-39,9-21 ,21-20,8-33 ,0-0 ,1983-84,,
Boston Celtics,63,19,0.768,--  ,43-15,19-5 ,35-6 ,28-13,0-0 ,1984-85,,
Milwaukee Bucks,59,23,0.72,4   ,39-19,20-10,36-5 ,23-18,0-0 ,1984-85,,
Philadelphia 76ers,58,24,0.707,5   ,40-18,15-9 ,34-7 ,24-17,0-0 ,1984-85,,
Detroit Pistons,46,36,0.561,17  ,31-27,21-8 ,26-15,20-21,0-0 ,1984-85,,
Brooklyn Nets,42,40,0.512,21  ,34-24,13-11,27-14,15-26,0-0 ,1984-85,,
Washington Wizards,40,42,0.488,23  ,28-30,11-13,28-13,12-29,0-0 ,1984-85,,
Chicago Bulls,38,44,0.463,25  ,24-34,13-17,26-15,12-29,0-0 ,1984-85,,
Cleveland Cavaliers,36,46,0.439,27  ,25-33,13-16,20-21,16-25,0-0 ,1984-85,,
Atlanta Hawks,34,48,0.415,29  ,25-33,15-15,19-22,15-26,0-0 ,1984-85,,
New York Knicks,24,58,0.293,39  ,16-42,2-22 ,19-22,5-36 ,0-0 ,1984-85,,
Indiana Pacers,22,60,0.268,41  ,14-44,7-23 ,16-25,6-35 ,0-0 ,1984-85,,
Los Angeles Lakers,62,20,0.756,--  ,47-13,24-6 ,36-5 ,26-15,0-0 ,1984-85,,
Denver Nuggets,52,30,0.634,10  ,37-23,17-13,34-7 ,18-23,0-0 ,1984-85,,
Houston Rockets,48,34,0.585,14  ,36-24,20-10,29-12,19-22,0-0 ,1984-85,,
Dallas Mavericks,44,38,0.537,18  ,33-27,14-16,24-17,20-21,0-0 ,1984-85,,
Portland Trail Blazers,42,40,0.512,20  ,29-31,17-13,30-11,12-29,0-0 ,1984-85,,
San Antonio Spurs,41,41,0.5,21  ,31-29,12-18,30-11,11-30,0-0 ,1984-85,,
Utah Jazz,41,41,0.5,21  ,32-28,19-11,26-15,15-26,0-0 ,1984-85,,
Phoenix Suns,36,46,0.439,26  ,27-33,15-15,26-15,10-31,0-0 ,1984-85,,
Los Angeles Clippers,31,51,0.378,31  ,26-34,11-19,20-21,11-30,0-0 ,1984-85,,
Sacramento Kings,31,51,0.378,31  ,22-38,8-22 ,23-18,8-33 ,0-0 ,1984-85,,
Oklahoma City Thunder,31,51,0.378,31  ,23-37,13-17,20-21,11-30,0-0 ,1984-85,,
Golden State Warriors,22,60,0.268,40  ,17-43,10-20,17-24,5-36 ,0-0 ,1984-85,,
Boston Celtics,67,15,0.817,--  ,48-10,18-6 ,40-1 ,27-14,0-0 ,1985-86,,
Milwaukee Bucks,57,25,0.695,10  ,39-19,21-9 ,33-8 ,24-17,0-0 ,1985-86,,
Philadelphia 76ers,54,28,0.659,13  ,38-20,15-9 ,31-10,23-18,0-0 ,1985-86,,
Atlanta Hawks,50,32,0.61,17  ,35-23,21-9 ,34-7 ,16-25,0-0 ,1985-86,,
Detroit Pistons,46,36,0.561,21  ,33-25,18-12,31-10,15-26,0-0 ,1985-86,,
Brooklyn Nets,39,43,0.476,28  ,26-32,11-13,26-15,13-28,0-0 ,1985-86,,
Washington Wizards,39,43,0.476,28  ,29-29,11-13,26-15,13-28,0-0 ,1985-86,,
Chicago Bulls,30,52,0.366,37  ,19-39,10-20,22-19,8-33 ,0-0 ,1985-86,,
Cleveland Cavaliers,29,53,0.354,38  ,19-39,10-19,16-25,13-28,0-0 ,1985-86,,
Indiana Pacers,26,56,0.317,41  ,19-39,9-20 ,19-22,7-34 ,0-0 ,1985-86,,
New York Knicks,23,59,0.28,44  ,14-44,5-19 ,15-26,8-33 ,0-0 ,1985-86,,
Los Angeles Lakers,62,20,0.756,--  ,47-13,23-7 ,35-6 ,27-14,0-0 ,1985-86,,
Houston Rockets,51,31,0.622,11  ,38-22,20-10,36-5 ,15-26,0-0 ,1985-86,,
Denver Nuggets,47,35,0.573,15  ,34-26,15-15,34-7 ,13-28,0-0 ,1985-86,,
Dallas Mavericks,44,38,0.537,18  ,33-27,16-14,26-15,18-23,0-0 ,1985-86,,
Utah Jazz,42,40,0.512,20  ,30-30,15-15,27-14,15-26,0-0 ,1985-86,,
Portland Trail Blazers,40,42,0.488,22  ,31-29,18-12,27-14,13-28,0-0 ,1985-86,,
Sacramento Kings,37,45,0.451,25  ,28-32,15-15,25-16,12-29,0-0 ,1985-86,,
San Antonio Spurs,35,47,0.427,27  ,25-35,9-21 ,21-20,14-27,0-0 ,1985-86,,
Los Angeles Clippers,32,50,0.39,30  ,25-35,10-20,22-19,10-31,0-0 ,1985-86,,
Phoenix Suns,32,50,0.39,30  ,25-35,16-14,23-18,9-32 ,0-0 ,1985-86,,
Oklahoma City Thunder,31,51,0.378,31  ,23-37,11-19,24-17,7-34 ,0-0 ,1985-86,,
Golden State Warriors,30,52,0.366,32  ,21-39,12-18,24-17,6-35 ,0-0 ,1985-86,,
Boston Celtics,59,23,0.72,--  ,38-20,15-9 ,39-2 ,20-21,0-0 ,1986-87,,
Atlanta Hawks,57,25,0.695,2   ,38-20,17-13,35-6 ,22-19,0-0 ,1986-87,,
Detroit Pistons,52,30,0.634,7   ,38-20,17-13,32-9 ,20-21,0-0 ,1986-87,,
Milwaukee Bucks,50,32,0.61,9   ,34-24,17-13,32-9 ,18-23,0-0 ,1986-87,,
Philadelphia 76ers,45,37,0.549,14  ,29-29,12-12,28-13,17-24,0-0 ,1986-87,,
Washington Wizards,42,40,0.512,17  ,26-32,13-11,27-14,15-26,0-0 ,1986-87,,
Indiana Pacers,41,41,0.5,18  ,28-30,13-16,28-13,13-28,0-0 ,1986-87,,
Chicago Bulls,40,42,0.488,19  ,30-28,17-12,29-12,11-30,0-0 ,1986-87,,
Cleveland Cavaliers,31,51,0.378,28  ,22-36,8-22 ,25-16,6-35 ,0-0 ,1986-87,,
Brooklyn Nets,24,58,0.293,35  ,20-38,12-12,19-22,5-36 ,0-0 ,1986-87,,
New York Knicks,24,58,0.293,35  ,16-42,8-16 ,18-23,6-35 ,0-0 ,1986-87,,
Los Angeles Lakers,65,17,0.793,--  ,47-13,24-6 ,37-4 ,28-13,0-0 ,1986-87,,
Dallas Mavericks,55,27,0.671,10  ,42-18,19-11,35-6 ,20-21,0-0 ,1986-87,,
Portland Trail Blazers,49,33,0.598,16  ,35-25,17-13,34-7 ,15-26,0-0 ,1986-87,,
Utah Jazz,44,38,0.537,21  ,32-28,19-11,31-10,13-28,0-0 ,1986-87,,
Houston Rockets,42,40,0.512,23  ,31-29,19-11,25-16,17-24,0-0 ,1986-87,,
Golden State Warriors,42,40,0.512,23  ,32-28,17-13,25-16,17-24,0-0 ,1986-87,,
Oklahoma City Thunder,39,43,0.476,26  ,32-28,15-15,25-16,14-27,0-0 ,1986-87,,
Denver Nuggets,37,45,0.451,28  ,28-32,14-16,27-14,10-31,0-0 ,1986-87,,
Phoenix Suns,36,46,0.439,29  ,28-32,14-16,26-15,10-31,0-0 ,1986-87,,
Sacramento Kings,29,53,0.354,36  ,22-38,10-20,20-21,9-32 ,0-0 ,1986-87,,
San Antonio Spurs,28,54,0.341,37  ,20-40,9-21 ,21-20,7-34 ,0-0 ,1986-87,,
Los Angeles Clippers,12,70,0.146,53  ,11-49,3-27 ,9-32 ,3-38 ,0-0 ,1986-87,,
Boston Celtics,57,25,0.695,--  ,39-19,19-5 ,36-5 ,21-20,0-0 ,1987-88,,
Detroit Pistons,54,28,0.659,3   ,39-19,20-10,34-7 ,20-21,0-0 ,1987-88,,
Atlanta Hawks,50,32,0.61,7   ,35-23,16-13,30-11,20-21,0-0 ,1987-88,,
Chicago Bulls,50,32,0.61,7   ,34-24,16-13,30-11,20-21,0-0 ,1987-88,,
Milwaukee Bucks,42,40,0.512,15  ,28-30,13-17,30-11,12-29,0-0 ,1987-88,,
Cleveland Cavaliers,42,40,0.512,15  ,30-28,11-19,31-10,11-30,0-0 ,1987-88,,
New York Knicks,38,44,0.463,19  ,27-31,10-14,29-12,9-32 ,0-0 ,1987-88,,
Indiana Pacers,38,44,0.463,19  ,25-33,13-17,25-16,13-28,0-0 ,1987-88,,
Washington Wizards,38,44,0.463,19  ,26-32,13-11,25-16,13-28,0-0 ,1987-88,,
Philadelphia 76ers,36,46,0.439,21  ,25-33,12-12,27-14,9-32 ,0-0 ,1987-88,,
Brooklyn Nets,19,63,0.232,38  ,11-47,6-18 ,16-25,3-38 ,0-0 ,1987-88,,
Los Angeles Lakers,62,20,0.756,--  ,46-14,23-7 ,36-5 ,26-15,0-0 ,1987-88,,
Denver Nuggets,54,28,0.659,8   ,39-21,18-12,35-6 ,19-22,0-0 ,1987-88,,
Portland Trail Blazers,53,29,0.646,9   ,39-21,23-7 ,33-8 ,20-21,0-0 ,1987-88,,
Dallas Mavericks,53,29,0.646,9   ,41-19,20-10,33-8 ,20-21,0-0 ,1987-88,,
Utah Jazz,47,35,0.573,15  ,38-22,18-12,33-8 ,14-27,0-0 ,1987-88,,
Houston Rockets,46,36,0.561,16  ,33-27,13-17,31-10,15-26,0-0 ,1987-88,,
Oklahoma City Thunder,44,38,0.537,18  ,31-29,19-11,32-9 ,12-29,0-0 ,1987-88,,
San Antonio Spurs,31,51,0.378,31  ,25-35,12-18,23-18,8-33 ,0-0 ,1987-88,,
Phoenix Suns,28,54,0.341,34  ,21-39,11-19,22-19,6-35 ,0-0 ,1987-88,,
Sacramento Kings,24,58,0.293,38  ,19-41,9-21 ,19-22,5-36 ,0-0 ,1987-88,,
Golden State Warriors,20,62,0.244,42  ,15-45,7-23 ,16-25,4-37 ,0-0 ,1987-88,,
Los Angeles Clippers,17,65,0.207,45  ,13-47,7-23 ,14-27,3-38 ,0-0 ,1987-88,,
Detroit Pistons,63,19,0.768,--  ,41-15,20-10,37-4 ,26-15,0-0 ,1988-89,,
New York Knicks,52,30,0.634,11  ,36-20,18-12,35-6 ,17-24,0-0 ,1988-89,,
Cleveland Cavaliers,57,25,0.695,6   ,38-18,19-11,37-4 ,20-21,0-0 ,1988-89,,
Atlanta Hawks,52,30,0.634,11  ,38-18,20-10,33-8 ,19-22,0-0 ,1988-89,,
Milwaukee Bucks,49,33,0.598,14  ,29-27,11-19,31-10,18-23,0-0 ,1988-89,,
Chicago Bulls,47,35,0.573,16  ,28-28,12-18,30-11,17-24,0-0 ,1988-89,,
Philadelphia 76ers,46,36,0.561,17  ,31-25,19-11,30-11,16-25,0-0 ,1988-89,,
Boston Celtics,42,40,0.512,21  ,27-29,19-11,32-9 ,10-31,0-0 ,1988-89,,
Washington Wizards,40,42,0.488,23  ,25-31,17-13,30-11,10-31,0-0 ,1988-89,,
Indiana Pacers,28,54,0.341,35  ,15-41,8-22 ,20-21,8-33 ,0-0 ,1988-89,,
Brooklyn Nets,26,56,0.317,37  ,16-40,9-21 ,17-24,9-32 ,0-0 ,1988-89,,
Charlotte Hornets,20,62,0.244,43  ,12-44,8-22 ,12-29,8-33 ,0-0 ,1988-89,,
Los Angeles Lakers,57,25,0.695,--  ,43-15,25-9 ,35-6 ,22-19,0-0 ,1988-89,,
Utah Jazz,51,31,0.622,6   ,37-21,19-11,34-7 ,17-24,0-0 ,1988-89,,
Phoenix Suns,55,27,0.671,2   ,41-17,23-11,35-6 ,20-21,0-0 ,1988-89,,
Oklahoma City Thunder,47,35,0.573,10  ,37-21,20-14,31-10,16-25,0-0 ,1988-89,,
Houston Rockets,45,37,0.549,12  ,33-25,19-11,31-10,14-27,0-0 ,1988-89,,
Denver Nuggets,44,38,0.537,13  ,32-26,18-12,35-6 ,9-32 ,0-0 ,1988-89,,
Golden State Warriors,43,39,0.524,14  ,29-29,15-19,29-12,14-27,0-0 ,1988-89,,
Portland Trail Blazers,39,43,0.476,18  ,30-28,17-17,28-13,11-30,0-0 ,1988-89,,
Dallas Mavericks,38,44,0.463,19  ,30-28,19-11,24-17,14-27,0-0 ,1988-89,,
Sacramento Kings,27,55,0.329,30  ,23-35,12-22,21-20,6-35 ,0-0 ,1988-89,,
San Antonio Spurs,21,61,0.256,36  ,15-43,9-21 ,18-23,3-38 ,0-0 ,1988-89,,
Los Angeles Clippers,21,61,0.256,36  ,17-41,7-27 ,17-24,4-37 ,0-0 ,1988-89,,
Miami Heat,15,67,0.183,42  ,10-48,6-24 ,12-29,3-38 ,0-0 ,1988-89,,
Detroit Pistons,59,23,0.72,--  ,40-14,22-8 ,35-6 ,24-17,0-0 ,1989-90,,
Philadelphia 76ers,53,29,0.646,6   ,37-17,19-7 ,34-7 ,19-22,0-0 ,1989-90,,
Chicago Bulls,55,27,0.671,4   ,37-17,20-10,36-5 ,19-22,0-0 ,1989-90,,
Boston Celtics,52,30,0.634,7   ,36-18,19-7 ,30-11,22-19,0-0 ,1989-90,,
New York Knicks,45,37,0.549,14  ,30-24,17-9 ,29-12,16-25,0-0 ,1989-90,,
Milwaukee Bucks,44,38,0.537,15  ,28-26,14-16,27-14,17-24,0-0 ,1989-90,,
Cleveland Cavaliers,42,40,0.512,17  ,30-24,14-16,27-14,15-26,0-0 ,1989-90,,
Indiana Pacers,42,40,0.512,17  ,30-24,16-14,28-13,14-27,0-0 ,1989-90,,
Atlanta Hawks,41,41,0.5,18  ,27-27,15-15,25-16,16-25,0-0 ,1989-90,,
Washington Wizards,31,51,0.378,28  ,20-34,10-16,20-21,11-30,0-0 ,1989-90,,
Orlando Magic,18,64,0.22,41  ,12-42,4-26 ,12-29,6-35 ,0-0 ,1989-90,,
Miami Heat,18,64,0.22,41  ,11-43,4-22 ,11-30,7-34 ,0-0 ,1989-90,,
Brooklyn Nets,17,65,0.207,42  ,13-41,9-17 ,13-28,4-37 ,0-0 ,1989-90,,
Los Angeles Lakers,63,19,0.768,--  ,44-12,22-6 ,37-4 ,26-15,0-0 ,1989-90,,
San Antonio Spurs,56,26,0.683,7   ,40-16,19-9 ,34-7 ,22-19,0-0 ,1989-90,,
Portland Trail Blazers,59,23,0.72,4   ,41-15,20-8 ,35-6 ,24-17,0-0 ,1989-90,,
Utah Jazz,55,27,0.671,8   ,38-18,21-7 ,36-5 ,19-22,0-0 ,1989-90,,
Phoenix Suns,54,28,0.659,9   ,38-18,20-8 ,32-9 ,22-19,0-0 ,1989-90,,
Dallas Mavericks,47,35,0.573,16  ,29-27,17-11,30-11,17-24,0-0 ,1989-90,,
Denver Nuggets,43,39,0.524,20  ,28-28,15-13,28-13,15-26,0-0 ,1989-90,,
Houston Rockets,41,41,0.5,22  ,28-28,13-15,31-10,10-31,0-0 ,1989-90,,
Oklahoma City Thunder,41,41,0.5,22  ,26-30,11-17,30-11,11-30,0-0 ,1989-90,,
Golden State Warriors,37,45,0.451,26  ,24-32,11-17,27-14,10-31,0-0 ,1989-90,,
Los Angeles Clippers,30,52,0.366,33  ,17-39,7-21 ,20-21,10-31,0-0 ,1989-90,,
Sacramento Kings,23,59,0.28,40  ,14-42,7-21 ,16-25,7-34 ,0-0 ,1989-90,,
Minnesota Timberwolves,22,60,0.268,41  ,12-44,6-22 ,17-24,5-36 ,0-0 ,1989-90,,
Charlotte Hornets,19,63,0.232,44  ,13-43,7-21 ,13-28,6-35 ,0-0 ,1989-90,,
Chicago Bulls,61,21,0.744,--  ,42-12,25-5 ,35-6 ,26-15,0-0 ,1990-91,,
Boston Celtics,56,26,0.683,5   ,35-19,20-6 ,35-6 ,21-20,0-0 ,1990-91,,
Detroit Pistons,50,32,0.61,11  ,33-21,19-11,32-9 ,18-23,0-0 ,1990-91,,
Milwaukee Bucks,48,34,0.585,13  ,33-21,16-14,33-8 ,15-26,0-0 ,1990-91,,
Philadelphia 76ers,44,38,0.537,17  ,32-22,14-12,29-12,15-26,0-0 ,1990-91,,
Atlanta Hawks,43,39,0.524,18  ,26-28,11-19,29-12,14-27,0-0 ,1990-91,,
Indiana Pacers,41,41,0.5,20  ,27-27,15-15,29-12,12-29,0-0 ,1990-91,,
New York Knicks,39,43,0.476,22  ,28-26,17-9 ,21-20,18-23,0-0 ,1990-91,,
Cleveland Cavaliers,33,49,0.402,28  ,23-31,11-19,23-18,10-31,0-0 ,1990-91,,
Washington Wizards,30,52,0.366,31  ,22-32,10-16,21-20,9-32 ,0-0 ,1990-91,,
Charlotte Hornets,26,56,0.317,35  ,17-37,8-22 ,17-24,9-32 ,0-0 ,1990-91,,
Brooklyn Nets,26,56,0.317,35  ,18-36,8-18 ,20-21,6-35 ,0-0 ,1990-91,,
Miami Heat,24,58,0.293,37  ,15-39,9-17 ,18-23,6-35 ,0-0 ,1990-91,,
Portland Trail Blazers,63,19,0.768,--  ,42-14,18-10,36-5 ,27-14,0-0 ,1990-91,,
San Antonio Spurs,55,27,0.671,8   ,36-20,20-8 ,33-8 ,22-19,0-0 ,1990-91,,
Los Angeles Lakers,58,24,0.707,5   ,40-16,19-9 ,33-8 ,25-16,0-0 ,1990-91,,
Phoenix Suns,55,27,0.671,8   ,35-21,17-11,32-9 ,23-18,0-0 ,1990-91,,
Utah Jazz,54,28,0.659,9   ,38-18,21-7 ,36-5 ,18-23,0-0 ,1990-91,,
Houston Rockets,52,30,0.634,11  ,33-23,20-8 ,31-10,21-20,0-0 ,1990-91,,
Golden State Warriors,44,38,0.537,19  ,28-28,13-15,30-11,14-27,0-0 ,1990-91,,
Oklahoma City Thunder,41,41,0.5,22  ,27-29,12-16,28-13,13-28,0-0 ,1990-91,,
Los Angeles Clippers,31,51,0.378,32  ,26-30,10-18,23-18,8-33 ,0-0 ,1990-91,,
Orlando Magic,31,51,0.378,32  ,23-33,13-15,24-17,7-34 ,0-0 ,1990-91,,
Minnesota Timberwolves,29,53,0.354,34  ,17-39,9-19 ,21-20,8-33 ,0-0 ,1990-91,,
Dallas Mavericks,28,54,0.341,35  ,17-39,7-21 ,20-21,8-33 ,0-0 ,1990-91,,
Sacramento Kings,25,57,0.305,38  ,18-38,9-19 ,24-17,1-40 ,0-0 ,1990-91,,
Denver Nuggets,20,62,0.244,43  ,12-44,8-20 ,17-24,3-38 ,0-0 ,1990-91,,
Chicago Bulls,67,15,0.817,--  ,47-9 ,22-6 ,36-5 ,31-10,0-0 ,1991-92,,
Boston Celtics,51,31,0.622,16  ,35-21,19-9 ,34-7 ,17-24,0-0 ,1991-92,,
New York Knicks,51,31,0.622,16  ,34-22,20-8 ,30-11,21-20,0-0 ,1991-92,,
Cleveland Cavaliers,57,25,0.695,10  ,42-14,21-7 ,35-6 ,22-19,0-0 ,1991-92,,
Detroit Pistons,48,34,0.585,19  ,31-25,15-13,25-16,23-18,0-0 ,1991-92,,
Indiana Pacers,40,42,0.488,27  ,27-29,13-15,26-15,14-27,0-0 ,1991-92,,
Brooklyn Nets,40,42,0.488,27  ,29-27,15-13,25-16,15-26,0-0 ,1991-92,,
Miami Heat,38,44,0.463,29  ,27-29,14-14,28-13,10-31,0-0 ,1991-92,,
Atlanta Hawks,38,44,0.463,29  ,23-33,7-21 ,23-18,15-26,0-0 ,1991-92,,
Philadelphia 76ers,35,47,0.427,32  ,23-33,15-13,23-18,12-29,0-0 ,1991-92,,
Milwaukee Bucks,31,51,0.378,36  ,22-34,10-18,25-16,6-35 ,0-0 ,1991-92,,
Charlotte Hornets,31,51,0.378,36  ,21-35,10-18,22-19,9-32 ,0-0 ,1991-92,,
Washington Wizards,25,57,0.305,42  ,15-41,7-21 ,14-27,11-30,0-0 ,1991-92,,
Orlando Magic,21,61,0.256,46  ,16-40,8-20 ,13-28,8-33 ,0-0 ,1991-92,,
Portland Trail Blazers,57,25,0.695,--  ,37-17,21-9 ,33-8 ,24-17,0-0 ,1991-92,,
Utah Jazz,55,27,0.671,2   ,37-17,20-6 ,37-4 ,18-23,0-0 ,1991-92,,
Golden State Warriors,55,27,0.671,2   ,36-18,19-11,31-10,24-17,0-0 ,1991-92,,
Phoenix Suns,53,29,0.646,4   ,34-20,17-13,36-5 ,17-24,0-0 ,1991-92,,
Oklahoma City Thunder,47,35,0.573,10  ,34-20,16-14,28-13,19-22,0-0 ,1991-92,,
San Antonio Spurs,47,35,0.573,10  ,34-20,18-8 ,31-10,16-25,0-0 ,1991-92,,
Los Angeles Clippers,45,37,0.549,12  ,29-25,13-17,29-12,16-25,0-0 ,1991-92,,
Los Angeles Lakers,43,39,0.524,14  ,27-27,13-17,24-17,19-22,0-0 ,1991-92,,
Houston Rockets,42,40,0.512,15  ,26-28,12-14,28-13,14-27,0-0 ,1991-92,,
Sacramento Kings,29,53,0.354,28  ,17-37,6-24 ,21-20,8-33 ,0-0 ,1991-92,,
Denver Nuggets,24,58,0.293,33  ,14-40,8-18 ,18-23,6-35 ,0-0 ,1991-92,,
Dallas Mavericks,22,60,0.268,35  ,15-39,11-15,15-26,7-34 ,0-0 ,1991-92,,
Minnesota Timberwolves,15,67,0.183,42  ,11-43,9-17 ,9-32 ,6-35 ,0-0 ,1991-92,,
New York Knicks,60,22,0.732,--  ,42-14,23-5 ,37-4 ,23-18,0-0 ,1992-93,,
Chicago Bulls,57,25,0.695,3   ,39-17,19-9 ,31-10,26-15,0-0 ,1992-93,,
Cleveland Cavaliers,54,28,0.659,6   ,37-19,22-6 ,35-6 ,19-22,0-0 ,1992-93,,
Boston Celtics,48,34,0.585,12  ,33-23,19-9 ,28-13,20-21,0-0 ,1992-93,,
Charlotte Hornets,44,38,0.537,16  ,29-27,12-16,22-19,22-19,0-0 ,1992-93,,
Brooklyn Nets,43,39,0.524,17  ,27-29,14-14,26-15,17-24,0-0 ,1992-93,,
Atlanta Hawks,43,39,0.524,17  ,26-30,12-16,25-16,18-23,0-0 ,1992-93,,
Orlando Magic,41,41,0.5,19  ,27-29,15-13,27-14,14-27,0-0 ,1992-93,,
Indiana Pacers,41,41,0.5,19  ,27-29,11-17,27-14,14-27,0-0 ,1992-93,,
Detroit Pistons,40,42,0.488,20  ,31-25,12-16,28-13,12-29,0-0 ,1992-93,,
Miami Heat,36,46,0.439,24  ,22-34,9-19 ,26-15,10-31,0-0 ,1992-93,,
Milwaukee Bucks,28,54,0.341,32  ,20-36,10-18,18-23,10-31,0-0 ,1992-93,,
Philadelphia 76ers,26,56,0.317,34  ,18-38,11-17,15-26,11-30,0-0 ,1992-93,,
Washington Wizards,22,60,0.268,38  ,14-42,7-21 ,15-26,7-34 ,0-0 ,1992-93,,
Phoenix Suns,62,20,0.756,--  ,40-14,21-9 ,35-6 ,27-14,0-0 ,1992-93,,
Oklahoma City Thunder,55,27,0.671,7   ,38-16,22-8 ,33-8 ,22-19,0-0 ,1992-93,,
Houston Rockets,55,27,0.671,7   ,36-18,19-7 ,31-10,24-17,0-0 ,1992-93,,
Portland Trail Blazers,51,31,0.622,11  ,36-18,19-11,30-11,21-20,0-0 ,1992-93,,
San Antonio Spurs,49,33,0.598,13  ,32-22,17-9 ,31-10,18-23,0-0 ,1992-93,,
Utah Jazz,47,35,0.573,15  ,29-25,16-10,28-13,19-22,0-0 ,1992-93,,
Los Angeles Clippers,41,41,0.5,21  ,27-27,15-15,27-14,14-27,0-0 ,1992-93,,
Los Angeles Lakers,39,43,0.476,23  ,26-28,13-17,20-21,19-22,0-0 ,1992-93,,
Denver Nuggets,36,46,0.439,26  ,25-29,13-13,28-13,8-33 ,0-0 ,1992-93,,
Golden State Warriors,34,48,0.415,28  ,25-29,9-21 ,19-22,15-26,0-0 ,1992-93,,
Sacramento Kings,25,57,0.305,37  ,18-36,6-24 ,16-25,9-32 ,0-0 ,1992-93,,
Minnesota Timberwolves,19,63,0.232,43  ,14-40,10-16,11-30,8-33 ,0-0 ,1992-93,,
Dallas Mavericks,11,71,0.134,51  ,5-49 ,3-23 ,7-34 ,4-37 ,0-0 ,1992-93,,
Atlanta Hawks,57,25,0.695,--  ,42-14,21-7 ,36-5 ,21-20,0-0 ,1993-94,,
New York Knicks,57,25,0.695,--  ,40-16,18-10,32-9 ,25-16,0-0 ,1993-94,,
Chicago Bulls,55,27,0.671,2   ,38-18,21-7 ,31-10,24-17,0-0 ,1993-94,,
Orlando Magic,50,32,0.61,7   ,35-21,20-8 ,31-10,19-22,0-0 ,1993-94,,
Cleveland Cavaliers,47,35,0.573,10  ,31-25,16-12,31-10,16-25,0-0 ,1993-94,,
Indiana Pacers,47,35,0.573,10  ,32-24,15-13,29-12,18-23,0-0 ,1993-94,,
Brooklyn Nets,45,37,0.549,12  ,32-24,17-11,29-12,16-25,0-0 ,1993-94,,
Miami Heat,42,40,0.512,15  ,32-24,16-12,22-19,20-21,0-0 ,1993-94,,
Charlotte Hornets,41,41,0.5,16  ,29-27,12-16,28-13,13-28,0-0 ,1993-94,,
Boston Celtics,32,50,0.39,25  ,21-35,12-16,18-23,14-27,0-0 ,1993-94,,
Philadelphia 76ers,25,57,0.305,32  ,17-39,7-21 ,15-26,10-31,0-0 ,1993-94,,
Washington Wizards,24,58,0.293,33  ,17-39,8-20 ,17-24,7-34 ,0-0 ,1993-94,,
Milwaukee Bucks,20,62,0.244,37  ,14-42,9-19 ,11-30,9-32 ,0-0 ,1993-94,,
Detroit Pistons,20,62,0.244,37  ,12-44,4-24 ,10-31,10-31,0-0 ,1993-94,,
Oklahoma City Thunder,63,19,0.768,--  ,44-10,25-5 ,37-4 ,26-15,0-0 ,1993-94,,
Houston Rockets,58,24,0.707,5   ,38-16,15-11,35-6 ,23-18,0-0 ,1993-94,,
Phoenix Suns,56,26,0.683,7   ,37-17,19-11,36-5 ,20-21,0-0 ,1993-94,,
San Antonio Spurs,55,27,0.671,8   ,32-22,16-10,32-9 ,23-18,0-0 ,1993-94,,
Utah Jazz,53,29,0.646,10  ,36-18,21-5 ,33-8 ,20-21,0-0 ,1993-94,,
Golden State Warriors,50,32,0.61,13  ,33-21,19-11,29-12,21-20,0-0 ,1993-94,,
Portland Trail Blazers,47,35,0.573,16  ,29-25,17-13,30-11,17-24,0-0 ,1993-94,,
Denver Nuggets,42,40,0.512,21  ,27-27,14-12,28-13,14-27,0-0 ,1993-94,,
Los Angeles Lakers,33,49,0.402,30  ,18-36,7-23 ,21-20,12-29,0-0 ,1993-94,,
Sacramento Kings,28,54,0.341,35  ,17-37,9-21 ,20-21,8-33 ,0-0 ,1993-94,,
Los Angeles Clippers,27,55,0.329,36  ,17-37,9-21 ,17-24,10-31,0-0 ,1993-94,,
Minnesota Timberwolves,20,62,0.244,43  ,13-41,5-21 ,13-28,7-34 ,0-0 ,1993-94,,
Dallas Mavericks,13,69,0.159,50  ,10-44,7-19 ,6-35 ,7-34 ,0-0 ,1993-94,,
Orlando Magic,57,25,0.695,--  ,39-17,18-10,39-2 ,18-23,0-0 ,1994-95,,
Indiana Pacers,52,30,0.634,5   ,35-21,18-10,33-8 ,19-22,0-0 ,1994-95,,
New York Knicks,55,27,0.671,2   ,37-19,23-5 ,29-12,26-15,0-0 ,1994-95,,
Charlotte Hornets,50,32,0.61,7   ,36-20,17-11,29-12,21-20,0-0 ,1994-95,,
Chicago Bulls,47,35,0.573,10  ,35-21,16-12,28-13,19-22,0-0 ,1994-95,,
Cleveland Cavaliers,43,39,0.524,14  ,33-23,17-11,26-15,17-24,0-0 ,1994-95,,
Atlanta Hawks,42,40,0.512,15  ,28-28,9-19 ,24-17,18-23,0-0 ,1994-95,,
Boston Celtics,35,47,0.427,22  ,24-32,14-14,20-21,15-26,0-0 ,1994-95,,
Milwaukee Bucks,34,48,0.415,23  ,26-30,13-15,22-19,12-29,0-0 ,1994-95,,
Miami Heat,32,50,0.39,25  ,25-31,9-19 ,22-19,10-31,0-0 ,1994-95,,
Brooklyn Nets,30,52,0.366,27  ,21-35,13-15,20-21,10-31,0-0 ,1994-95,,
Detroit Pistons,28,54,0.341,29  ,21-35,8-20 ,22-19,6-35 ,0-0 ,1994-95,,
Philadelphia 76ers,24,58,0.293,33  ,16-40,12-16,14-27,10-31,0-0 ,1994-95,,
Washington Wizards,21,61,0.256,36  ,16-40,9-19 ,13-28,8-33 ,0-0 ,1994-95,,
San Antonio Spurs,62,20,0.756,--  ,41-13,20-6 ,33-8 ,29-12,0-0 ,1994-95,,
Phoenix Suns,59,23,0.72,3   ,39-15,23-7 ,32-9 ,27-14,0-0 ,1994-95,,
Utah Jazz,60,22,0.732,2   ,36-18,17-9 ,33-8 ,27-14,0-0 ,1994-95,,
Oklahoma City Thunder,57,25,0.695,5   ,34-20,16-14,32-9 ,25-16,0-0 ,1994-95,,
Los Angeles Lakers,48,34,0.585,14  ,30-24,15-15,29-12,19-22,0-0 ,1994-95,,
Houston Rockets,47,35,0.573,15  ,27-27,13-13,25-16,22-19,0-0 ,1994-95,,
Portland Trail Blazers,44,38,0.537,18  ,28-26,17-13,26-15,18-23,0-0 ,1994-95,,
Denver Nuggets,41,41,0.5,21  ,27-27,13-13,23-18,18-23,0-0 ,1994-95,,
Sacramento Kings,39,43,0.476,23  ,25-29,17-13,27-14,12-29,0-0 ,1994-95,,
Dallas Mavericks,36,46,0.439,26  ,23-31,11-15,19-22,17-24,0-0 ,1994-95,,
Golden State Warriors,26,56,0.317,36  ,19-35,11-19,15-26,11-30,0-0 ,1994-95,,
Minnesota Timberwolves,21,61,0.256,41  ,12-42,4-22 ,13-28,8-33 ,0-0 ,1994-95,,
Los Angeles Clippers,17,65,0.207,45  ,10-44,6-24 ,13-28,4-37 ,0-0 ,1994-95,,
Chicago Bulls,72,10,0.878,--  ,47-7 ,24-4 ,39-2 ,33-8 ,0-0 ,1995-96,,
Orlando Magic,60,22,0.732,12  ,40-14,21-3 ,37-4 ,23-18,0-0 ,1995-96,,
Indiana Pacers,52,30,0.634,20  ,36-18,19-9 ,32-9 ,20-21,0-0 ,1995-96,,
Cleveland Cavaliers,47,35,0.573,25  ,29-25,13-15,26-15,21-20,0-0 ,1995-96,,
New York Knicks,47,35,0.573,25  ,32-22,16-8 ,26-15,21-20,0-0 ,1995-96,,
Detroit Pistons,46,36,0.561,26  ,27-27,15-13,30-11,16-25,0-0 ,1995-96,,
Atlanta Hawks,46,36,0.561,26  ,32-22,15-13,26-15,20-21,0-0 ,1995-96,,
Miami Heat,42,40,0.512,30  ,29-25,13-12,26-15,16-25,0-0 ,1995-96,,
Charlotte Hornets,41,41,0.5,31  ,26-28,13-15,25-16,16-25,0-0 ,1995-96,,
Washington Wizards,39,43,0.476,33  ,21-33,10-14,25-16,14-27,0-0 ,1995-96,,
Boston Celtics,33,49,0.402,39  ,23-31,12-12,18-23,15-26,0-0 ,1995-96,,
Brooklyn Nets,30,52,0.366,42  ,21-33,8-17 ,20-21,10-31,0-0 ,1995-96,,
Milwaukee Bucks,25,57,0.305,47  ,16-38,8-20 ,14-27,11-30,0-0 ,1995-96,,
Toronto Raptors,21,61,0.256,51  ,14-40,5-23 ,15-26,6-35 ,0-0 ,1995-96,,
Philadelphia 76ers,18,64,0.22,54  ,12-42,5-19 ,11-30,7-34 ,0-0 ,1995-96,,
Oklahoma City Thunder,64,18,0.78,--  ,42-10,21-3 ,38-3 ,26-15,0-0 ,1995-96,,
San Antonio Spurs,59,23,0.72,5   ,39-13,19-5 ,33-8 ,26-15,0-0 ,1995-96,,
Utah Jazz,55,27,0.671,9   ,33-19,14-10,34-7 ,21-20,0-0 ,1995-96,,
Los Angeles Lakers,53,29,0.646,11  ,34-18,17-7 ,30-11,23-18,0-0 ,1995-96,,
Houston Rockets,48,34,0.585,16  ,31-21,15-9 ,27-14,21-20,0-0 ,1995-96,,
Portland Trail Blazers,44,38,0.537,20  ,29-23,11-13,26-15,18-23,0-0 ,1995-96,,
Phoenix Suns,41,41,0.5,23  ,23-29,9-15 ,25-16,16-25,0-0 ,1995-96,,
Sacramento Kings,39,43,0.476,25  ,23-29,11-13,26-15,13-28,0-0 ,1995-96,,
Golden State Warriors,36,46,0.439,28  ,22-30,7-17 ,23-18,13-28,0-0 ,1995-96,,
Denver Nuggets,35,47,0.427,29  ,22-30,13-11,24-17,11-30,0-0 ,1995-96,,
Los Angeles Clippers,29,53,0.354,35  ,21-31,8-16 ,19-22,10-31,0-0 ,1995-96,,
Dallas Mavericks,26,56,0.317,38  ,19-33,10-14,16-25,10-31,0-0 ,1995-96,,
Minnesota Timberwolves,26,56,0.317,38  ,17-35,10-14,17-24,9-32 ,0-0 ,1995-96,,
Memphis Grizzlies,15,67,0.183,49  ,9-43 ,3-21 ,10-31,5-36 ,0-0 ,1995-96,,
Chicago Bulls,69,13,0.841,--  ,44-10,24-4 ,39-2 ,30-11,2-0 ,1996-97,,
Miami Heat,61,21,0.744,8   ,40-14,16-8 ,29-12,32-9 ,3-1 ,1996-97,,
New York Knicks,57,25,0.695,12  ,38-16,19-6 ,31-10,26-15,4-2 ,1996-97,,
Atlanta Hawks,56,26,0.683,13  ,34-20,17-11,36-5 ,20-21,5-0 ,1996-97,,
Charlotte Hornets,54,28,0.659,15  ,34-20,14-14,30-11,24-17,5-0 ,1996-97,,
Detroit Pistons,54,28,0.659,15  ,34-20,17-11,30-11,24-17,4-1 ,1996-97,,
Orlando Magic,45,37,0.549,24  ,29-25,13-11,26-15,19-22,2-4 ,1996-97,,
Washington Wizards,44,38,0.537,25  ,28-26,14-10,25-16,19-22,1-5 ,1996-97,,
Cleveland Cavaliers,42,40,0.512,27  ,26-28,13-15,25-16,17-24,2-4 ,1996-97,,
Indiana Pacers,39,43,0.476,30  ,22-32,11-17,21-20,18-23,6-3 ,1996-97,,
Milwaukee Bucks,33,49,0.402,36  ,22-32,10-18,20-21,13-28,2-0 ,1996-97,,
Toronto Raptors,30,52,0.366,39  ,16-38,6-22 ,18-23,12-29,1-3 ,1996-97,,
Brooklyn Nets,26,56,0.317,43  ,16-38,11-13,16-25,10-31,4-0 ,1996-97,,
Philadelphia 76ers,22,60,0.268,47  ,14-40,11-14,11-30,11-30,1-3 ,1996-97,,
Boston Celtics,15,67,0.183,54  ,8-46 ,1-23 ,11-30,4-37 ,2-5 ,1996-97,,
Utah Jazz,64,18,0.78,--  ,41-11,19-5 ,38-3 ,26-15,4-2 ,1996-97,,
Oklahoma City Thunder,57,25,0.695,7   ,37-15,16-8 ,31-10,26-15,2-1 ,1996-97,,
Houston Rockets,57,25,0.695,7   ,40-12,19-5 ,30-11,27-14,4-2 ,1996-97,,
Los Angeles Lakers,56,26,0.683,8   ,37-15,18-6 ,31-10,25-16,4-3 ,1996-97,,
Portland Trail Blazers,49,33,0.598,15  ,36-16,15-9 ,29-12,20-21,2-5 ,1996-97,,
Phoenix Suns,40,42,0.488,24  ,27-25,13-11,25-16,15-26,2-5 ,1996-97,,
Minnesota Timberwolves,40,42,0.488,24  ,28-24,16-8 ,25-16,15-26,2-1 ,1996-97,,
Los Angeles Clippers,36,46,0.439,28  ,26-26,10-14,21-20,15-26,3-5 ,1996-97,,
Sacramento Kings,34,48,0.415,30  ,23-29,8-16 ,22-19,12-29,4-2 ,1996-97,,
Golden State Warriors,30,52,0.366,34  ,19-33,4-20 ,18-23,12-29,3-6 ,1996-97,,
Dallas Mavericks,24,58,0.293,40  ,16-36,9-15 ,14-27,10-31,1-3 ,1996-97,,
Denver Nuggets,21,61,0.256,43  ,13-39,7-17 ,12-29,9-32 ,3-7 ,1996-97,,
San Antonio Spurs,20,62,0.244,44  ,12-40,8-16 ,12-29,8-33 ,0-2 ,1996-97,,
Memphis Grizzlies,14,68,0.171,50  ,9-43 ,6-18 ,8-33 ,6-35 ,0-3 ,1996-97,,
Chicago Bulls,62,20,0.756,--  ,42-12,21-7 ,37-4 ,25-16,4-1 ,1997-98,,
Miami Heat,55,27,0.671,7   ,36-18,18-6 ,30-11,25-16,1-2 ,1997-98,,
Indiana Pacers,58,24,0.707,4   ,41-13,19-9 ,32-9 ,26-15,4-1 ,1997-98,,
Charlotte Hornets,51,31,0.622,11  ,31-23,16-12,32-9 ,19-22,2-1 ,1997-98,,
Atlanta Hawks,50,32,0.61,12  ,34-20,19-9 ,29-12,21-20,5-2 ,1997-98,,
Cleveland Cavaliers,47,35,0.573,15  ,28-26,14-14,27-14,20-21,2-4 ,1997-98,,
Brooklyn Nets,43,39,0.524,19  ,27-27,12-12,26-15,17-24,3-4 ,1997-98,,
New York Knicks,43,39,0.524,19  ,27-27,13-11,28-13,15-26,2-3 ,1997-98,,
Washington Wizards,42,40,0.512,20  ,24-30,12-13,24-17,18-23,2-3 ,1997-98,,
Orlando Magic,41,41,0.5,21  ,24-30,11-13,24-17,17-24,2-2 ,1997-98,,
Detroit Pistons,37,45,0.451,25  ,25-29,12-16,25-16,12-29,3-5 ,1997-98,,
Milwaukee Bucks,36,46,0.439,26  ,20-34,9-19 ,21-20,15-26,5-4 ,1997-98,,
Boston Celtics,36,46,0.439,26  ,23-31,12-13,24-17,12-29,1-1 ,1997-98,,
Philadelphia 76ers,31,51,0.378,31  ,16-38,7-17 ,19-22,12-29,0-3 ,1997-98,,
Toronto Raptors,16,66,0.195,46  ,7-47 ,2-26 ,9-32 ,7-34 ,5-2 ,1997-98,,
Utah Jazz,62,20,0.756,--  ,38-14,22-2 ,36-5 ,26-15,3-0 ,1997-98,,
Oklahoma City Thunder,61,21,0.744,1   ,39-13,19-5 ,35-6 ,26-15,3-0 ,1997-98,,
Los Angeles Lakers,61,21,0.744,1   ,42-10,16-8 ,33-8 ,28-13,4-1 ,1997-98,,
San Antonio Spurs,56,26,0.683,6   ,33-19,18-6 ,31-10,25-16,2-3 ,1997-98,,
Phoenix Suns,56,26,0.683,6   ,37-15,17-7 ,30-11,26-15,2-3 ,1997-98,,
Portland Trail Blazers,46,36,0.561,16  ,33-19,14-10,26-15,20-21,0-3 ,1997-98,,
Minnesota Timberwolves,45,37,0.549,17  ,30-22,14-10,26-15,19-22,5-4 ,1997-98,,
Houston Rockets,41,41,0.5,21  ,29-23,14-10,24-17,17-24,1-4 ,1997-98,,
Sacramento Kings,27,55,0.329,35  ,18-34,6-18 ,21-20,6-35 ,0-2 ,1997-98,,
Dallas Mavericks,20,62,0.244,42  ,13-39,9-15 ,13-28,7-34 ,4-4 ,1997-98,,
Golden State Warriors,19,63,0.232,43  ,15-37,6-18 ,12-29,7-34 ,2-4 ,1997-98,,
Memphis Grizzlies,19,63,0.232,43  ,14-38,4-20 ,14-27,5-36 ,4-2 ,1997-98,,
Los Angeles Clippers,17,65,0.207,45  ,14-38,6-18 ,11-30,6-35 ,1-2 ,1997-98,,
Denver Nuggets,11,71,0.134,51  ,9-43 ,3-21 ,9-32 ,2-39 ,0-2 ,1997-98,,
Miami Heat,33,17,0.66,--  ,30-15,12-8 ,18-7 ,15-10,1-0 ,1998-99,,
Indiana Pacers,33,17,0.66,--  ,30-15,15-7 ,18-7 ,15-10,3-1 ,1998-99,,
Orlando Magic,33,17,0.66,--  ,30-14,12-6 ,21-4 ,12-13,2-0 ,1998-99,,
Atlanta Hawks,31,19,0.62,2   ,27-18,15-8 ,16-9 ,15-10,1-2 ,1998-99,,
Detroit Pistons,29,21,0.58,4   ,25-19,13-8 ,17-8 ,12-13,1-1 ,1998-99,,
Milwaukee Bucks,28,22,0.56,5   ,25-20,13-11,17-8 ,11-14,1-1 ,1998-99,,
Philadelphia 76ers,28,22,0.56,5   ,25-19,9-10 ,17-8 ,11-14,3-3 ,1998-99,,
New York Knicks,27,23,0.54,6   ,24-21,12-8 ,19-6 ,8-17 ,1-3 ,1998-99,,
Charlotte Hornets,26,24,0.52,7   ,23-21,12-10,16-9 ,10-15,3-2 ,1998-99,,
Toronto Raptors,23,27,0.46,10  ,19-26,9-14 ,14-11,9-16 ,1-2 ,1998-99,,
Cleveland Cavaliers,22,28,0.44,11  ,18-26,9-13 ,15-10,7-18 ,2-0 ,1998-99,,
Boston Celtics,19,31,0.38,14  ,16-28,10-9 ,10-15,9-16 ,1-2 ,1998-99,,
Washington Wizards,18,32,0.36,15  ,16-28,6-13 ,13-12,5-20 ,2-0 ,1998-99,,
Brooklyn Nets,16,34,0.32,17  ,14-30,6-13 ,12-13,4-21 ,0-2 ,1998-99,,
Chicago Bulls,13,37,0.26,20  ,11-33,4-19 ,8-17 ,5-20 ,2-1 ,1998-99,,
Utah Jazz,37,13,0.74,--  ,33-11,15-3 ,22-3 ,15-10,2-4 ,1998-99,,
San Antonio Spurs,37,13,0.74,--  ,33-11,17-4 ,21-4 ,16-9 ,2-1 ,1998-99,,
Portland Trail Blazers,35,15,0.7,2   ,30-14,15-7 ,22-3 ,13-12,3-2 ,1998-99,,
Houston Rockets,31,19,0.62,6   ,28-16,12-9 ,19-6 ,12-13,2-1 ,1998-99,,
Los Angeles Lakers,31,19,0.62,6   ,28-16,14-8 ,18-7 ,13-12,1-1 ,1998-99,,
Sacramento Kings,27,23,0.54,10  ,23-21,11-9 ,16-9 ,11-14,4-4 ,1998-99,,
Phoenix Suns,27,23,0.54,10  ,26-18,9-10 ,15-10,12-13,1-1 ,1998-99,,
Oklahoma City Thunder,25,25,0.5,12  ,23-21,11-10,17-8 ,8-17 ,2-2 ,1998-99,,
Minnesota Timberwolves,25,25,0.5,12  ,22-22,11-9 ,18-7 ,7-18 ,0-1 ,1998-99,,
Golden State Warriors,21,29,0.42,16  ,18-26,8-11 ,13-12,8-17 ,1-2 ,1998-99,,
Dallas Mavericks,19,31,0.38,18  ,16-28,8-12 ,15-10,4-21 ,1-1 ,1998-99,,
Denver Nuggets,14,36,0.28,23  ,12-32,5-16 ,12-13,2-23 ,1-0 ,1998-99,,
Los Angeles Clippers,9,41,0.18,28  ,8-36 ,3-16 ,6-19 ,3-22 ,1-3 ,1998-99,,
Memphis Grizzlies,8,42,0.16,29  ,8-36 ,3-18 ,7-18 ,1-24 ,1-3 ,1998-99,,
Indiana Pacers,56,26,0.683,--  ,36-18,20-8 ,36-5 ,20-21,1-1 ,1999-00,,
Miami Heat,52,30,0.634,4   ,34-20,18-6 ,33-8 ,19-22,4-1 ,1999-00,,
New York Knicks,50,32,0.61,6   ,32-22,14-10,33-8 ,17-24,3-3 ,1999-00,,
Charlotte Hornets,49,33,0.598,7   ,36-18,20-8 ,30-11,19-22,2-2 ,1999-00,,
Philadelphia 76ers,49,33,0.598,7   ,36-18,13-11,29-12,20-21,5-0 ,1999-00,,
Toronto Raptors,45,37,0.549,11  ,29-25,16-12,26-15,19-22,0-3 ,1999-00,,
Milwaukee Bucks,42,40,0.512,14  ,28-26,16-12,23-18,19-22,2-4 ,1999-00,,
Detroit Pistons,42,40,0.512,14  ,30-24,16-12,27-14,15-26,2-3 ,1999-00,,
Orlando Magic,41,41,0.5,15  ,27-27,12-13,26-15,15-26,1-2 ,1999-00,,
Boston Celtics,35,47,0.427,21  ,24-30,12-12,26-15,9-32 ,0-1 ,1999-00,,
Cleveland Cavaliers,32,50,0.39,24  ,20-34,8-20 ,22-19,10-31,3-4 ,1999-00,,
Brooklyn Nets,31,51,0.378,25  ,21-33,9-16 ,22-19,9-32 ,1-4 ,1999-00,,
Washington Wizards,29,53,0.354,27  ,19-35,7-17 ,17-24,12-29,1-3 ,1999-00,,
Atlanta Hawks,28,54,0.341,28  ,20-34,11-17,21-20,7-34 ,2-3 ,1999-00,,
Chicago Bulls,17,65,0.207,39  ,13-41,5-23 ,12-29,5-36 ,1-3 ,1999-00,,
Los Angeles Lakers,67,15,0.817,--  ,40-12,20-4 ,36-5 ,31-10,2-2 ,1999-00,,
Utah Jazz,55,27,0.671,12  ,33-19,14-10,31-10,24-17,1-1 ,1999-00,,
Portland Trail Blazers,59,23,0.72,8   ,38-14,21-3 ,30-11,29-12,3-1 ,1999-00,,
San Antonio Spurs,53,29,0.646,14  ,33-19,16-8 ,31-10,22-19,6-1 ,1999-00,,
Phoenix Suns,53,29,0.646,14  ,30-22,15-9 ,32-9 ,21-20,2-2 ,1999-00,,
Minnesota Timberwolves,50,32,0.61,17  ,32-20,18-6 ,26-15,24-17,7-1 ,1999-00,,
Oklahoma City Thunder,45,37,0.549,22  ,31-21,12-12,24-17,21-20,2-2 ,1999-00,,
Sacramento Kings,44,38,0.537,23  ,25-27,9-15 ,30-11,14-27,1-4 ,1999-00,,
Dallas Mavericks,40,42,0.488,27  ,28-24,12-12,22-19,18-23,2-0 ,1999-00,,
Denver Nuggets,35,47,0.427,32  ,22-30,10-14,25-16,10-31,5-2 ,1999-00,,
Houston Rockets,34,48,0.415,33  ,23-29,8-16 ,22-19,12-29,2-3 ,1999-00,,
Memphis Grizzlies,22,60,0.268,45  ,12-40,6-18 ,12-29,10-31,1-5 ,1999-00,,
Golden State Warriors,19,63,0.232,48  ,9-43 ,2-22 ,12-29,7-34 ,1-1 ,1999-00,,
Los Angeles Clippers,15,67,0.183,52  ,8-44 ,5-19 ,10-31,5-36 ,0-1 ,1999-00,,
Philadelphia 76ers,56,26,0.683,--  ,40-14,18-6 ,29-12,27-14,3-3 ,2000-01,,
Milwaukee Bucks,52,30,0.634,4   ,38-16,19-9 ,31-10,21-20,1-2 ,2000-01,,
Miami Heat,50,32,0.61,6   ,34-20,15-10,29-12,21-20,6-2 ,2000-01,,
New York Knicks,48,34,0.585,8   ,32-22,16-9 ,30-11,18-23,6-2 ,2000-01,,
Toronto Raptors,47,35,0.573,9   ,36-18,18-10,27-14,20-21,4-4 ,2000-01,,
Charlotte Hornets,46,36,0.561,10  ,37-17,20-8 ,28-13,18-23,3-3 ,2000-01,,
Orlando Magic,43,39,0.524,13  ,30-24,14-10,26-15,17-24,4-5 ,2000-01,,
Indiana Pacers,41,41,0.5,15  ,29-25,15-13,26-15,15-26,5-5 ,2000-01,,
Boston Celtics,36,46,0.439,20  ,24-30,11-13,20-21,16-25,4-2 ,2000-01,,
Detroit Pistons,32,50,0.39,24  ,25-29,16-12,18-23,14-27,2-5 ,2000-01,,
Cleveland Cavaliers,30,52,0.366,26  ,22-32,11-17,20-21,10-31,1-4 ,2000-01,,
Brooklyn Nets,26,56,0.317,30  ,16-38,8-16 ,18-23,8-33 ,1-1 ,2000-01,,
Atlanta Hawks,25,57,0.305,31  ,16-38,9-19 ,18-23,7-34 ,0-2 ,2000-01,,
Washington Wizards,19,63,0.232,37  ,13-41,3-21 ,12-29,7-34 ,0-0 ,2000-01,,
Chicago Bulls,15,67,0.183,41  ,13-41,4-24 ,10-31,5-36 ,1-3 ,2000-01,,
San Antonio Spurs,58,24,0.707,--  ,39-13,19-5 ,33-8 ,25-16,2-4 ,2000-01,,
Los Angeles Lakers,56,26,0.683,2   ,34-18,14-10,31-10,25-16,6-3 ,2000-01,,
Sacramento Kings,55,27,0.671,3   ,35-17,16-8 ,33-8 ,22-19,9-4 ,2000-01,,
Utah Jazz,53,29,0.646,5   ,31-21,14-10,28-13,25-16,2-2 ,2000-01,,
Dallas Mavericks,53,29,0.646,5   ,30-22,14-10,28-13,25-16,3-1 ,2000-01,,
Phoenix Suns,51,31,0.622,7   ,30-22,12-12,31-10,20-21,2-2 ,2000-01,,
Portland Trail Blazers,50,32,0.61,8   ,26-26,12-12,28-13,22-19,2-1 ,2000-01,,
Minnesota Timberwolves,47,35,0.573,11  ,27-25,11-13,30-11,17-24,4-2 ,2000-01,,
Houston Rockets,45,37,0.549,13  ,20-32,11-13,24-17,21-20,2-2 ,2000-01,,
Oklahoma City Thunder,44,38,0.537,14  ,27-25,17-7 ,26-15,18-23,3-2 ,2000-01,,
Denver Nuggets,40,42,0.488,18  ,27-25,13-11,29-12,11-30,2-2 ,2000-01,,
Los Angeles Clippers,31,51,0.378,27  ,18-34,9-15 ,22-19,9-32 ,3-10,2000-01,,
Memphis Grizzlies,23,59,0.28,35  ,11-41,2-22 ,15-26,8-33 ,1-2 ,2000-01,,
Golden State Warriors,17,65,0.207,41  ,9-43 ,4-20 ,11-30,6-35 ,1-3 ,2000-01,,
Brooklyn Nets,52,30,0.634,--  ,35-19,16-8 ,33-8 ,19-22,4-2 ,2001-02,,
Detroit Pistons,50,32,0.61,2   ,38-16,20-8 ,26-15,24-17,0-0 ,2001-02,,
Boston Celtics,49,33,0.598,3   ,35-19,17-7 ,27-14,22-19,4-2 ,2001-02,,
Charlotte Hornets,44,38,0.537,8   ,31-23,17-11,21-20,23-18,1-2 ,2001-02,,
Orlando Magic,44,38,0.537,8   ,29-25,12-12,27-14,17-24,1-4 ,2001-02,,
Philadelphia 76ers,43,39,0.524,9   ,31-23,14-11,22-19,21-20,2-0 ,2001-02,,
Toronto Raptors,42,40,0.512,10  ,29-25,17-11,24-17,18-23,3-0 ,2001-02,,
Indiana Pacers,42,40,0.512,10  ,27-27,13-15,25-16,17-24,3-4 ,2001-02,,
Milwaukee Bucks,41,41,0.5,11  ,29-25,17-11,25-16,16-25,2-6 ,2001-02,,
Washington Wizards,37,45,0.451,15  ,25-29,12-13,22-19,15-26,2-0 ,2001-02,,
Miami Heat,36,46,0.439,16  ,22-32,10-14,18-23,18-23,7-2 ,2001-02,,
Atlanta Hawks,33,49,0.402,19  ,21-33,11-17,23-18,10-31,1-2 ,2001-02,,
New York Knicks,30,52,0.366,22  ,20-34,4-20 ,19-22,11-30,2-2 ,2001-02,,
Cleveland Cavaliers,29,53,0.354,23  ,20-34,12-16,20-21,9-32 ,4-2 ,2001-02,,
Chicago Bulls,21,61,0.256,31  ,13-41,5-23 ,14-27,7-34 ,3-1 ,2001-02,,
Sacramento Kings,61,21,0.744,--  ,37-15,15-9 ,36-5 ,25-16,1-2 ,2001-02,,
San Antonio Spurs,58,24,0.707,3   ,38-14,21-3 ,32-9 ,26-15,2-5 ,2001-02,,
Los Angeles Lakers,58,24,0.707,3   ,37-15,16-8 ,34-7 ,24-17,1-2 ,2001-02,,
Dallas Mavericks,57,25,0.695,4   ,34-18,16-8 ,30-11,27-14,5-2 ,2001-02,,
Minnesota Timberwolves,50,32,0.61,11  ,29-23,15-9 ,29-12,21-20,2-2 ,2001-02,,
Portland Trail Blazers,49,33,0.598,12  ,27-25,14-10,30-11,19-22,3-2 ,2001-02,,
Oklahoma City Thunder,45,37,0.549,16  ,26-26,13-11,26-15,19-22,3-2 ,2001-02,,
Utah Jazz,44,38,0.537,17  ,25-27,8-16 ,25-16,19-22,1-4 ,2001-02,,
Los Angeles Clippers,39,43,0.476,22  ,23-29,9-15 ,25-16,14-27,0-5 ,2001-02,,
Phoenix Suns,36,46,0.439,25  ,24-28,12-12,23-18,13-28,3-3 ,2001-02,,
Houston Rockets,28,54,0.341,33  ,18-34,9-15 ,18-23,10-31,5-5 ,2001-02,,
Denver Nuggets,27,55,0.329,34  ,19-33,8-16 ,20-21,7-34 ,2-3 ,2001-02,,
Memphis Grizzlies,23,59,0.28,38  ,14-38,7-17 ,15-26,8-33 ,2-1 ,2001-02,,
Golden State Warriors,21,61,0.256,40  ,13-39,5-19 ,14-27,7-34 ,1-3 ,2001-02,,
Detroit Pistons,50,32,0.61,--  ,35-19,19-9 ,30-11,20-21,8-0 ,2002-03,,
Brooklyn Nets,49,33,0.598,1   ,34-20,16-8 ,33-8 ,16-25,1-2 ,2002-03,,
Indiana Pacers,48,34,0.585,2   ,35-19,19-9 ,32-9 ,16-25,6-2 ,2002-03,,
Philadelphia 76ers,48,34,0.585,2   ,35-19,17-7 ,25-16,23-18,4-3 ,2002-03,,
New Orleans Pelicans,47,35,0.573,3   ,32-22,17-11,29-12,18-23,5-4 ,2002-03,,
Boston Celtics,44,38,0.537,6   ,31-23,13-12,25-16,19-22,3-2 ,2002-03,,
Milwaukee Bucks,42,40,0.512,8   ,32-22,16-12,25-16,17-24,4-4 ,2002-03,,
Orlando Magic,42,40,0.512,8   ,31-23,14-11,26-15,16-25,0-4 ,2002-03,,
Washington Wizards,37,45,0.451,13  ,26-28,11-13,23-18,14-27,3-2 ,2002-03,,
New York Knicks,37,45,0.451,13  ,23-31,9-15 ,24-17,13-28,3-3 ,2002-03,,
Atlanta Hawks,35,47,0.427,15  ,24-30,14-14,26-15,9-32 ,3-4 ,2002-03,,
Chicago Bulls,30,52,0.366,20  ,22-32,12-16,27-14,3-38 ,1-8 ,2002-03,,
Miami Heat,25,57,0.305,25  ,18-36,5-19 ,16-25,9-32 ,2-3 ,2002-03,,
Toronto Raptors,24,58,0.293,26  ,18-36,10-18,15-26,9-32 ,2-3 ,2002-03,,
Cleveland Cavaliers,17,65,0.207,33  ,9-45 ,5-23 ,14-27,3-38 ,1-4 ,2002-03,,
San Antonio Spurs,60,22,0.732,--  ,36-16,17-7 ,33-8 ,27-14,5-1 ,2002-03,,
Sacramento Kings,59,23,0.72,1   ,36-16,17-7 ,35-6 ,24-17,3-3 ,2002-03,,
Dallas Mavericks,60,22,0.732,--  ,34-18,18-6 ,33-8 ,27-14,2-2 ,2002-03,,
Minnesota Timberwolves,51,31,0.622,9   ,33-19,15-9 ,33-8 ,18-23,3-2 ,2002-03,,
Los Angeles Lakers,50,32,0.61,10  ,33-19,15-9 ,31-10,19-22,6-3 ,2002-03,,
Portland Trail Blazers,50,32,0.61,10  ,29-23,15-9 ,27-14,23-18,4-2 ,2002-03,,
Utah Jazz,47,35,0.573,13  ,30-22,15-9 ,29-12,18-23,2-2 ,2002-03,,
Phoenix Suns,44,38,0.537,16  ,26-26,12-12,30-11,14-27,2-3 ,2002-03,,
Houston Rockets,43,39,0.524,17  ,26-26,11-13,28-13,15-26,4-5 ,2002-03,,
Oklahoma City Thunder,40,42,0.488,20  ,26-26,11-13,25-16,15-26,3-4 ,2002-03,,
Golden State Warriors,38,44,0.463,22  ,19-33,8-16 ,24-17,14-27,1-2 ,2002-03,,
Memphis Grizzlies,28,54,0.341,32  ,12-40,5-19 ,20-21,8-33 ,3-6 ,2002-03,,
Los Angeles Clippers,27,55,0.329,33  ,16-36,6-18 ,16-25,11-30,1-2 ,2002-03,,
Denver Nuggets,17,65,0.207,43  ,8-44 ,3-21 ,13-28,4-37 ,1-1 ,2002-03,,
Indiana Pacers,61,21,0.744,--  ,61-21,61-21,34-7 ,27-14,3-2 ,2003-04,,
Brooklyn Nets,47,35,0.573,14  ,47-35,47-35,28-13,19-22,1-0 ,2003-04,,
Detroit Pistons,54,28,0.659,7   ,54-28,54-28,31-10,23-18,3-1 ,2003-04,,
Miami Heat,42,40,0.512,19  ,42-40,42-40,29-12,13-28,2-1 ,2003-04,,
New Orleans Pelicans,41,41,0.5,20  ,41-41,41-41,25-16,16-25,3-3 ,2003-04,,
Milwaukee Bucks,41,41,0.5,20  ,41-41,41-41,27-14,14-27,1-3 ,2003-04,,
New York Knicks,39,43,0.476,22  ,39-43,39-43,23-18,16-25,2-5 ,2003-04,,
Boston Celtics,36,46,0.439,25  ,36-46,36-46,19-22,17-24,0-1 ,2003-04,,
Cleveland Cavaliers,35,47,0.427,26  ,35-47,35-47,23-18,12-29,3-3 ,2003-04,,
Toronto Raptors,33,49,0.402,28  ,33-49,33-49,18-23,15-26,6-5 ,2003-04,,
Philadelphia 76ers,33,49,0.402,28  ,33-49,33-49,21-20,12-29,2-3 ,2003-04,,
Atlanta Hawks,28,54,0.341,33  ,28-54,28-54,18-23,10-31,0-6 ,2003-04,,
Washington Wizards,25,57,0.305,36  ,25-57,25-57,17-24,8-33 ,2-4 ,2003-04,,
Chicago Bulls,23,59,0.28,38  ,23-59,23-59,14-27,9-32 ,3-3 ,2003-04,,
Orlando Magic,21,61,0.256,40  ,21-61,21-61,11-30,10-31,3-3 ,2003-04,,
Minnesota Timberwolves,58,24,0.707,--  ,58-24,58-24,31-10,27-14,2-1 ,2003-04,,
Los Angeles Lakers,56,26,0.683,2   ,56-26,56-26,34-7 ,22-19,5-0 ,2003-04,,
San Antonio Spurs,57,25,0.695,1   ,57-25,57-25,33-8 ,24-17,1-1 ,2003-04,,
Sacramento Kings,55,27,0.671,3   ,55-27,55-27,34-7 ,21-20,1-3 ,2003-04,,
Dallas Mavericks,52,30,0.634,6   ,52-30,52-30,36-5 ,16-25,2-2 ,2003-04,,
Memphis Grizzlies,50,32,0.61,8   ,50-32,50-32,31-10,19-22,5-0 ,2003-04,,
Houston Rockets,45,37,0.549,13  ,45-37,45-37,27-14,18-23,5-2 ,2003-04,,
Denver Nuggets,43,39,0.524,15  ,43-39,43-39,29-12,14-27,1-1 ,2003-04,,
Utah Jazz,42,40,0.512,16  ,42-40,42-40,28-13,14-27,2-2 ,2003-04,,
Portland Trail Blazers,41,41,0.5,17  ,41-41,41-41,25-16,16-25,6-5 ,2003-04,,
Golden State Warriors,37,45,0.451,21  ,37-45,37-45,27-14,10-31,2-4 ,2003-04,,
Oklahoma City Thunder,37,45,0.451,21  ,37-45,37-45,21-20,16-25,1-4 ,2003-04,,
Phoenix Suns,29,53,0.354,29  ,29-53,29-53,18-23,11-30,2-0 ,2003-04,,
Los Angeles Clippers,28,54,0.341,30  ,28-54,28-54,18-23,10-31,2-3 ,2003-04,,
Miami Heat,59,23,0.72,--  ,41-11,15-1 ,35-6 ,24-17,4-6 ,2004-05,,
Detroit Pistons,54,28,0.659,5   ,35-17,8-8  ,32-9 ,22-19,7-1 ,2004-05,,
Chicago Bulls,47,35,0.573,12  ,32-20,8-8  ,27-14,20-21,3-2 ,2004-05,,
Boston Celtics,45,37,0.549,14  ,30-22,8-8  ,27-14,18-23,4-2 ,2004-05,,
Washington Wizards,45,37,0.549,14  ,28-24,10-6 ,29-12,16-25,3-1 ,2004-05,,
Indiana Pacers,44,38,0.537,15  ,29-23,9-7  ,25-16,19-22,5-3 ,2004-05,,
Philadelphia 76ers,43,39,0.524,16  ,33-19,8-8  ,25-16,18-23,4-3 ,2004-05,,
Brooklyn Nets,42,40,0.512,17  ,31-21,11-5 ,24-17,18-23,4-4 ,2004-05,,
Cleveland Cavaliers,42,40,0.512,17  ,26-26,7-9  ,29-12,13-28,3-3 ,2004-05,,
Orlando Magic,36,46,0.439,23  ,21-31,6-10 ,24-17,12-29,0-1 ,2004-05,,
Toronto Raptors,33,49,0.402,26  ,20-32,7-9  ,22-19,11-30,1-4 ,2004-05,,
New York Knicks,33,49,0.402,26  ,21-31,6-10 ,22-19,11-30,5-3 ,2004-05,,
Milwaukee Bucks,30,52,0.366,29  ,24-28,8-8  ,23-18,7-34 ,1-2 ,2004-05,,
Charlotte Hornets,18,64,0.22,41  ,11-41,7-9  ,14-27,4-37 ,3-3 ,2004-05,,
Atlanta Hawks,13,69,0.159,46  ,8-44 ,2-14 ,9-32 ,4-37 ,2-5 ,2004-05,,
Phoenix Suns,62,20,0.756,--  ,38-14,12-4 ,31-10,31-10,1-3 ,2004-05,,
San Antonio Spurs,59,23,0.72,3   ,36-16,10-6 ,38-3 ,21-20,3-0 ,2004-05,,
Dallas Mavericks,58,24,0.707,4   ,35-17,11-5 ,29-12,29-12,2-0 ,2004-05,,
Oklahoma City Thunder,52,30,0.634,10  ,31-21,11-5 ,26-15,26-15,2-1 ,2004-05,,
Houston Rockets,51,31,0.622,11  ,33-19,10-6 ,26-15,25-16,0-0 ,2004-05,,
Sacramento Kings,50,32,0.61,12  ,28-24,10-6 ,30-11,20-21,5-2 ,2004-05,,
Denver Nuggets,49,33,0.598,13  ,28-24,9-7  ,31-10,18-23,3-0 ,2004-05,,
Memphis Grizzlies,45,37,0.549,17  ,27-25,7-9  ,26-15,19-22,0-1 ,2004-05,,
Minnesota Timberwolves,44,38,0.537,18  ,30-22,10-6 ,24-17,20-21,1-2 ,2004-05,,
Los Angeles Clippers,37,45,0.451,25  ,20-32,6-10 ,27-14,10-31,1-0 ,2004-05,,
Los Angeles Lakers,34,48,0.415,28  ,21-31,6-10 ,22-19,12-29,1-3 ,2004-05,,
Golden State Warriors,34,48,0.415,28  ,20-32,6-10 ,20-21,14-27,2-4 ,2004-05,,
Portland Trail Blazers,27,55,0.329,35  ,13-39,4-12 ,18-23,9-32 ,0-3 ,2004-05,,
Utah Jazz,26,56,0.317,36  ,20-32,6-10 ,18-23,8-33 ,1-3 ,2004-05,,
New Orleans Pelicans,18,64,0.22,44  ,10-42,2-14 ,11-30,7-34 ,2-6 ,2004-05,,
Detroit Pistons,64,18,0.78,--  ,39-13,13-3 ,37-4 ,27-14,2-2 ,2005-06,,
Miami Heat,52,30,0.634,12  ,35-17,13-3 ,31-10,21-20,3-0 ,2005-06,,
Cleveland Cavaliers,50,32,0.61,14  ,34-18,11-5 ,31-10,19-22,5-0 ,2005-06,,
Brooklyn Nets,49,33,0.598,15  ,33-19,10-6 ,29-12,20-21,3-1 ,2005-06,,
Washington Wizards,42,40,0.512,22  ,29-23,8-8  ,27-14,15-26,3-2 ,2005-06,,
Indiana Pacers,41,41,0.5,23  ,24-28,6-10 ,27-14,14-27,0-2 ,2005-06,,
Chicago Bulls,41,41,0.5,23  ,30-22,4-12 ,21-20,20-21,3-5 ,2005-06,,
Milwaukee Bucks,40,42,0.481,24  ,29-23,6-10 ,24-16,15-26,4-1 ,2005-06,,
Philadelphia 76ers,38,44,0.463,26  ,22-30,10-6 ,23-18,15-26,4-3 ,2005-06,,
Orlando Magic,36,46,0.439,28  ,24-28,9-7  ,26-15,10-31,3-5 ,2005-06,,
Boston Celtics,33,49,0.402,31  ,19-33,10-6 ,21-20,12-29,2-3 ,2005-06,,
Toronto Raptors,27,55,0.329,37  ,20-32,6-10 ,15-26,12-29,1-9 ,2005-06,,
Charlotte Hornets,26,56,0.317,38  ,18-34,5-11 ,17-24,9-32 ,4-4 ,2005-06,,
Atlanta Hawks,26,56,0.317,38  ,19-33,5-11 ,18-23,8-33 ,5-3 ,2005-06,,
New York Knicks,23,59,0.28,41  ,15-37,4-12 ,15-26,8-33 ,4-3 ,2005-06,,
San Antonio Spurs,63,19,0.768,--  ,42-10,13-3 ,34-7 ,29-12,3-2 ,2005-06,,
Dallas Mavericks,60,22,0.732,3   ,37-15,13-3 ,34-7 ,26-15,5-2 ,2005-06,,
Phoenix Suns,54,28,0.659,9   ,32-20,10-6 ,31-10,23-18,1-4 ,2005-06,,
Denver Nuggets,44,38,0.537,19  ,25-27,10-6 ,26-15,18-23,4-4 ,2005-06,,
Memphis Grizzlies,49,33,0.598,14  ,31-21,6-10 ,30-11,19-22,2-3 ,2005-06,,
Los Angeles Clippers,47,35,0.573,16  ,27-25,7-9  ,27-14,20-21,3-2 ,2005-06,,
Los Angeles Lakers,45,37,0.549,18  ,27-25,9-7  ,27-14,18-23,3-4 ,2005-06,,
Sacramento Kings,44,38,0.537,19  ,30-22,10-6 ,27-14,17-24,3-3 ,2005-06,,
Utah Jazz,41,41,0.5,22  ,26-26,11-5 ,22-19,19-22,5-3 ,2005-06,,
New Orleans Pelicans,38,44,0.463,25  ,25-27,7-9  ,24-17,14-27,2-2 ,2005-06,,
Oklahoma City Thunder,35,47,0.427,28  ,20-32,10-6 ,22-19,13-28,3-2 ,2005-06,,
Houston Rockets,34,48,0.415,29  ,19-33,1-15 ,15-26,19-22,2-2 ,2005-06,,
Golden State Warriors,34,48,0.415,29  ,19-33,4-12 ,21-20,13-28,1-5 ,2005-06,,
Minnesota Timberwolves,33,49,0.402,30  ,20-32,6-10 ,24-17,9-32 ,1-5 ,2005-06,,
Portland Trail Blazers,21,61,0.256,42  ,10-42,3-13 ,15-26,6-35 ,1-1 ,2005-06,,
Detroit Pistons,53,29,0.646,--  ,36-16,9-7  ,26-15,27-14,2-3 ,2006-07,,
Cleveland Cavaliers,50,32,0.61,3   ,31-21,10-6 ,30-11,20-21,3-4 ,2006-07,,
Toronto Raptors,47,35,0.573,6   ,33-19,11-5 ,30-11,17-24,3-0 ,2006-07,,
Miami Heat,44,38,0.537,9   ,27-25,9-7  ,27-14,17-24,3-4 ,2006-07,,
Chicago Bulls,49,33,0.598,4   ,36-16,12-4 ,31-10,18-23,2-2 ,2006-07,,
Brooklyn Nets,41,41,0.5,12  ,31-21,10-6 ,24-17,17-24,3-4 ,2006-07,,
Washington Wizards,41,41,0.5,12  ,27-25,8-8  ,26-15,15-26,3-3 ,2006-07,,
Orlando Magic,40,42,0.488,13  ,26-26,9-7  ,25-16,15-26,0-3 ,2006-07,,
Indiana Pacers,35,47,0.427,18  ,25-27,8-8  ,22-19,13-28,2-1 ,2006-07,,
Philadelphia 76ers,35,47,0.427,18  ,24-28,9-7  ,21-20,14-27,5-2 ,2006-07,,
Charlotte Hornets,33,49,0.402,20  ,24-28,9-7  ,20-21,13-28,5-5 ,2006-07,,
New York Knicks,33,49,0.402,20  ,22-30,3-13 ,19-22,14-27,6-2 ,2006-07,,
Atlanta Hawks,30,52,0.366,23  ,17-35,5-11 ,18-23,12-29,2-6 ,2006-07,,
Milwaukee Bucks,28,54,0.341,25  ,15-37,1-15 ,18-23,10-31,1-4 ,2006-07,,
Boston Celtics,24,58,0.293,29  ,16-36,7-9  ,12-29,12-29,4-1 ,2006-07,,
Dallas Mavericks,67,15,0.817,--  ,40-12,14-2 ,36-5 ,31-10,1-1 ,2006-07,,
Phoenix Suns,61,21,0.744,6   ,36-16,11-5 ,33-8 ,28-13,4-3 ,2006-07,,
San Antonio Spurs,58,24,0.707,9   ,38-14,10-6 ,31-10,27-14,2-2 ,2006-07,,
Utah Jazz,51,31,0.622,16  ,32-20,10-6 ,31-10,20-21,2-3 ,2006-07,,
Houston Rockets,52,30,0.634,15  ,28-24,8-8  ,28-13,24-17,3-3 ,2006-07,,
Denver Nuggets,45,37,0.549,22  ,27-25,9-7  ,23-18,22-19,2-2 ,2006-07,,
Los Angeles Lakers,42,40,0.512,25  ,28-24,10-6 ,25-16,17-24,4-6 ,2006-07,,
Golden State Warriors,42,40,0.512,25  ,28-24,6-10 ,30-11,12-29,2-1 ,2006-07,,
Los Angeles Clippers,40,42,0.488,27  ,23-29,8-8  ,25-16,15-26,1-1 ,2006-07,,
New Orleans Pelicans,39,43,0.476,28  ,23-29,6-10 ,24-17,15-26,7-0 ,2006-07,,
Sacramento Kings,33,49,0.402,34  ,18-34,5-11 ,20-21,13-28,0-5 ,2006-07,,
Portland Trail Blazers,32,50,0.39,35  ,19-33,7-9  ,18-23,14-27,5-5 ,2006-07,,
Minnesota Timberwolves,32,50,0.39,35  ,18-34,6-10 ,20-21,12-29,6-4 ,2006-07,,
Oklahoma City Thunder,31,51,0.378,36  ,18-34,8-8  ,20-21,11-30,2-3 ,2006-07,,
Memphis Grizzlies,22,60,0.268,45  ,14-38,2-14 ,14-27,8-33 ,3-5 ,2006-07,,
Boston Celtics,66,16,0.805,--  ,41-11,14-2 ,35-6 ,31-10,2-1 ,2007-08,,
Detroit Pistons,59,23,0.72,7   ,37-15,11-5 ,34-7 ,25-16,2-0 ,2007-08,,
Orlando Magic,52,30,0.634,14  ,38-14,12-4 ,25-16,27-14,4-0 ,2007-08,,
Cleveland Cavaliers,45,37,0.549,21  ,28-24,7-9  ,27-14,18-23,4-1 ,2007-08,,
Washington Wizards,43,39,0.524,23  ,29-23,10-6 ,25-16,18-23,5-4 ,2007-08,,
Toronto Raptors,41,41,0.5,25  ,29-23,10-6 ,25-16,16-25,1-4 ,2007-08,,
Philadelphia 76ers,40,42,0.488,26  ,25-27,7-9  ,22-19,18-23,1-2 ,2007-08,,
Atlanta Hawks,37,45,0.451,29  ,24-28,9-7  ,25-16,12-29,2-4 ,2007-08,,
Indiana Pacers,36,46,0.439,30  ,24-28,5-11 ,21-20,15-26,1-2 ,2007-08,,
Brooklyn Nets,34,48,0.415,32  ,26-26,4-12 ,21-20,13-28,5-1 ,2007-08,,
Chicago Bulls,33,49,0.402,33  ,24-28,11-5 ,20-21,13-28,0-4 ,2007-08,,
Charlotte Hornets,32,50,0.39,34  ,19-33,7-9  ,21-20,11-30,2-5 ,2007-08,,
Milwaukee Bucks,26,56,0.317,40  ,18-34,6-10 ,19-22,7-34 ,2-4 ,2007-08,,
New York Knicks,23,59,0.28,43  ,20-32,5-11 ,15-26,8-33 ,2-5 ,2007-08,,
Miami Heat,15,67,0.183,51  ,8-44 ,2-14 ,9-32 ,6-35 ,0-6 ,2007-08,,
Los Angeles Lakers,57,25,0.695,--  ,37-15,12-4 ,30-11,27-14,4-0 ,2007-08,,
New Orleans Pelicans,56,26,0.683,1   ,34-18,10-6 ,30-11,26-15,4-0 ,2007-08,,
San Antonio Spurs,56,26,0.683,1   ,33-19,10-6 ,34-7 ,22-19,1-1 ,2007-08,,
Utah Jazz,54,28,0.659,3   ,33-19,10-6 ,37-4 ,17-24,1-0 ,2007-08,,
Houston Rockets,55,27,0.671,2   ,33-19,8-8  ,31-10,24-17,0-1 ,2007-08,,
Phoenix Suns,55,27,0.671,2   ,31-21,10-6 ,30-11,25-16,1-2 ,2007-08,,
Dallas Mavericks,51,31,0.622,6   ,33-19,10-6 ,34-7 ,17-24,0-2 ,2007-08,,
Denver Nuggets,50,32,0.61,7   ,31-21,10-6 ,33-8 ,17-24,3-2 ,2007-08,,
Golden State Warriors,48,34,0.585,9   ,28-24,10-6 ,27-14,21-20,2-2 ,2007-08,,
Portland Trail Blazers,41,41,0.5,16  ,26-26,11-5 ,28-13,13-28,5-2 ,2007-08,,
Sacramento Kings,38,44,0.463,19  ,21-31,3-13 ,26-15,12-29,3-1 ,2007-08,,
Los Angeles Clippers,23,59,0.28,34  ,13-39,5-11 ,13-28,10-31,2-2 ,2007-08,,
Minnesota Timberwolves,22,60,0.268,35  ,14-38,3-13 ,15-26,7-34 ,1-1 ,2007-08,,
Memphis Grizzlies,22,60,0.268,35  ,11-41,2-14 ,14-27,8-33 ,1-4 ,2007-08,,
Oklahoma City Thunder,20,62,0.244,37  ,12-40,6-10 ,13-28,7-34 ,3-1 ,2007-08,,
Cleveland Cavaliers,66,16,0.805,--  ,40-12,13-3 ,39-2 ,27-14,2-2 ,2008-09,,
Boston Celtics,62,20,0.756,4   ,41-11,15-1 ,35-6 ,27-14,5-2 ,2008-09,,
Orlando Magic,59,23,0.72,7   ,37-15,14-2 ,32-9 ,27-14,2-0 ,2008-09,,
Atlanta Hawks,47,35,0.573,19  ,30-22,11-5 ,31-10,16-25,0-1 ,2008-09,,
Miami Heat,43,39,0.524,23  ,28-24,9-7  ,28-13,15-26,6-2 ,2008-09,,
Philadelphia 76ers,41,41,0.5,25  ,25-27,6-10 ,24-17,17-24,3-0 ,2008-09,,
Chicago Bulls,41,41,0.5,25  ,24-28,9-7  ,28-13,13-28,2-7 ,2008-09,,
Detroit Pistons,39,43,0.476,27  ,26-26,7-9  ,21-20,18-23,2-5 ,2008-09,,
Indiana Pacers,36,46,0.439,30  ,23-29,7-9  ,25-16,11-30,1-4 ,2008-09,,
Charlotte Hornets,35,47,0.427,31  ,20-32,5-11 ,23-18,12-29,5-3 ,2008-09,,
Brooklyn Nets,34,48,0.415,32  ,23-29,8-8  ,19-22,15-26,5-1 ,2008-09,,
Milwaukee Bucks,34,48,0.415,32  ,21-31,4-12 ,22-19,12-29,2-2 ,2008-09,,
Toronto Raptors,33,49,0.402,33  ,22-30,6-10 ,18-23,15-26,2-3 ,2008-09,,
New York Knicks,32,50,0.39,34  ,20-32,5-11 ,20-21,12-29,2-3 ,2008-09,,
Washington Wizards,19,63,0.232,47  ,10-42,1-15 ,13-28,6-35 ,0-1 ,2008-09,,
Los Angeles Lakers,65,17,0.793,--  ,44-8 ,14-2 ,36-5 ,29-12,2-1 ,2008-09,,
Denver Nuggets,54,28,0.659,11  ,35-17,12-4 ,33-8 ,21-20,2-0 ,2008-09,,
San Antonio Spurs,54,28,0.659,11  ,36-16,10-6 ,28-13,26-15,5-1 ,2008-09,,
Portland Trail Blazers,54,28,0.659,11  ,32-20,11-5 ,34-7 ,20-21,1-4 ,2008-09,,
Houston Rockets,53,29,0.646,12  ,35-17,9-7  ,33-8 ,20-21,2-1 ,2008-09,,
Dallas Mavericks,50,32,0.61,15  ,29-23,7-9  ,32-9 ,18-23,3-1 ,2008-09,,
New Orleans Pelicans,49,33,0.598,16  ,30-22,9-7  ,28-13,21-20,1-2 ,2008-09,,
Utah Jazz,48,34,0.585,17  ,33-19,10-6 ,33-8 ,15-26,2-2 ,2008-09,,
Phoenix Suns,46,36,0.561,19  ,30-22,11-5 ,28-13,18-23,1-2 ,2008-09,,
Golden State Warriors,29,53,0.354,36  ,18-34,6-10 ,21-20,8-33 ,2-4 ,2008-09,,
Minnesota Timberwolves,24,58,0.293,41  ,13-39,3-13 ,11-30,13-28,2-2 ,2008-09,,
Memphis Grizzlies,24,58,0.293,41  ,14-38,5-11 ,16-25,8-33 ,0-4 ,2008-09,,
Oklahoma City Thunder,23,59,0.28,42  ,15-37,4-12 ,15-26,8-33 ,2-3 ,2008-09,,
Los Angeles Clippers,19,63,0.232,46  ,10-42,2-14 ,11-30,8-33 ,4-2 ,2008-09,,
Sacramento Kings,17,65,0.207,48  ,16-36,7-9  ,11-30,6-35 ,2-5 ,2008-09,,
Cleveland Cavaliers,61,21,0.744,--  ,38-14,12-4 ,35-6 ,26-15,2-2 ,2009-10,,
Orlando Magic,59,23,0.72,2   ,39-13,10-6 ,34-7 ,25-16,2-0 ,2009-10,,
Atlanta Hawks,53,29,0.646,8   ,32-20,8-8  ,34-7 ,19-22,4-3 ,2009-10,,
Boston Celtics,50,32,0.61,11  ,33-19,13-3 ,24-17,26-15,3-1 ,2009-10,,
Miami Heat,47,35,0.573,14  ,32-20,9-7  ,24-17,23-18,4-2 ,2009-10,,
Milwaukee Bucks,46,36,0.561,15  ,31-21,10-6 ,28-13,18-23,4-6 ,2009-10,,
Charlotte Hornets,44,38,0.537,17  ,27-25,10-6 ,31-10,13-28,4-3 ,2009-10,,
Chicago Bulls,41,41,0.5,20  ,28-24,10-6 ,24-17,17-24,5-2 ,2009-10,,
Toronto Raptors,40,42,0.488,21  ,29-23,11-5 ,25-16,15-26,2-2 ,2009-10,,
Indiana Pacers,32,50,0.39,29  ,23-29,6-10 ,23-18,9-32 ,0-1 ,2009-10,,
New York Knicks,29,53,0.354,32  ,20-32,6-10 ,18-23,11-30,2-5 ,2009-10,,
Detroit Pistons,27,55,0.329,34  ,18-34,2-14 ,17-24,10-31,3-1 ,2009-10,,
Philadelphia 76ers,27,55,0.329,34  ,14-38,7-9  ,12-29,15-26,2-3 ,2009-10,,
Washington Wizards,26,56,0.317,35  ,18-34,3-13 ,15-26,11-30,0-5 ,2009-10,,
Brooklyn Nets,12,70,0.146,49  ,8-44 ,3-13 ,8-33 ,4-37 ,1-1 ,2009-10,,
Los Angeles Lakers,57,25,0.695,--  ,35-17,13-3 ,34-7 ,23-18,4-1 ,2009-10,,
Dallas Mavericks,55,27,0.671,2   ,33-19,10-6 ,28-13,27-14,5-3 ,2009-10,,
Phoenix Suns,54,28,0.659,3   ,35-17,12-4 ,32-9 ,22-19,1-1 ,2009-10,,
Denver Nuggets,53,29,0.646,4   ,34-18,12-4 ,34-7 ,19-22,4-0 ,2009-10,,
Utah Jazz,53,29,0.646,4   ,31-21,8-8  ,32-9 ,21-20,3-0 ,2009-10,,
Portland Trail Blazers,50,32,0.61,7   ,33-19,8-8  ,26-15,24-17,1-5 ,2009-10,,
San Antonio Spurs,50,32,0.61,7   ,31-21,9-7  ,29-12,21-20,1-3 ,2009-10,,
Oklahoma City Thunder,50,32,0.61,7   ,28-24,9-7  ,27-14,23-18,1-4 ,2009-10,,
Houston Rockets,42,40,0.512,15  ,28-24,9-7  ,23-18,19-22,4-3 ,2009-10,,
Memphis Grizzlies,40,42,0.488,17  ,22-30,5-11 ,23-18,17-24,3-5 ,2009-10,,
New Orleans Pelicans,37,45,0.451,20  ,26-26,7-9  ,24-17,13-28,3-3 ,2009-10,,
Los Angeles Clippers,29,53,0.354,28  ,15-37,5-11 ,21-20,8-33 ,1-0 ,2009-10,,
Golden State Warriors,26,56,0.317,31  ,15-37,5-11 ,18-23,8-33 ,0-2 ,2009-10,,
Sacramento Kings,25,57,0.305,32  ,16-36,5-11 ,18-23,7-34 ,2-4 ,2009-10,,
Minnesota Timberwolves,15,67,0.183,42  ,8-44 ,3-13 ,10-31,5-36 ,1-1 ,2009-10,,
Chicago Bulls,62,20,0.756,--  ,39-13,15-1 ,36-5 ,26-15,3-2 ,2010-11,,
Miami Heat,58,24,0.707,4   ,38-14,13-3 ,30-11,28-13,2-2 ,2010-11,,
Boston Celtics,56,26,0.683,6   ,37-15,13-3 ,33-8 ,23-18,3-1 ,2010-11,,
Orlando Magic,52,30,0.634,10  ,36-16,11-5 ,29-12,23-18,3-3 ,2010-11,,
Atlanta Hawks,44,38,0.537,18  ,31-21,9-7  ,24-17,20-21,1-1 ,2010-11,,
New York Knicks,42,40,0.512,20  ,28-24,10-6 ,23-18,19-22,2-1 ,2010-11,,
Philadelphia 76ers,41,41,0.5,21  ,25-27,9-7  ,26-15,15-26,2-8 ,2010-11,,
Indiana Pacers,37,45,0.451,25  ,28-24,9-7  ,24-17,13-28,1-3 ,2010-11,,
Milwaukee Bucks,35,47,0.427,27  ,26-26,6-10 ,22-19,13-28,3-3 ,2010-11,,
Charlotte Hornets,34,48,0.415,28  ,22-30,4-12 ,21-20,13-28,3-2 ,2010-11,,
Detroit Pistons,30,52,0.366,32  ,22-30,7-9  ,21-20,9-32 ,5-2 ,2010-11,,
Brooklyn Nets,24,58,0.293,38  ,13-39,3-13 ,19-22,5-36 ,5-4 ,2010-11,,
Washington Wizards,23,59,0.28,39  ,16-36,3-13 ,20-21,3-38 ,5-3 ,2010-11,,
Toronto Raptors,22,60,0.268,40  ,14-38,5-11 ,16-25,6-35 ,0-2 ,2010-11,,
Cleveland Cavaliers,19,63,0.232,43  ,15-37,3-13 ,12-29,7-34 ,2-1 ,2010-11,,
San Antonio Spurs,61,21,0.744,--  ,38-14,10-6 ,36-5 ,25-16,3-1 ,2010-11,,
Los Angeles Lakers,57,25,0.695,4   ,36-16,12-4 ,30-11,27-14,4-0 ,2010-11,,
Dallas Mavericks,57,25,0.695,4   ,35-17,8-8  ,29-12,28-13,1-0 ,2010-11,,
Oklahoma City Thunder,55,27,0.671,6   ,33-19,13-3 ,30-11,25-16,8-2 ,2010-11,,
Denver Nuggets,50,32,0.61,11  ,30-22,9-7  ,33-8 ,17-24,0-1 ,2010-11,,
Portland Trail Blazers,48,34,0.585,13  ,30-22,10-6 ,30-11,18-23,2-3 ,2010-11,,
New Orleans Pelicans,46,36,0.561,15  ,27-25,9-7  ,28-13,18-23,4-2 ,2010-11,,
Memphis Grizzlies,46,36,0.561,15  ,30-22,8-8  ,30-11,16-25,2-5 ,2010-11,,
Houston Rockets,43,39,0.524,18  ,25-27,5-11 ,25-16,18-23,2-6 ,2010-11,,
Phoenix Suns,40,42,0.488,21  ,23-29,9-7  ,23-18,17-24,5-4 ,2010-11,,
Utah Jazz,39,43,0.476,22  ,21-31,7-9  ,21-20,18-23,5-2 ,2010-11,,
Golden State Warriors,36,46,0.439,25  ,21-31,5-11 ,26-15,10-31,3-3 ,2010-11,,
Los Angeles Clippers,32,50,0.39,29  ,19-33,7-9  ,23-18,9-32 ,1-4 ,2010-11,,
Sacramento Kings,24,58,0.293,37  ,15-37,7-9  ,11-30,13-28,1-6 ,2010-11,,
Minnesota Timberwolves,17,65,0.207,44  ,7-45 ,1-15 ,12-29,5-36 ,0-4 ,2010-11,,
Chicago Bulls,50,16,0.758,--  ,38-10,13-1 ,26-7 ,24-9 ,3-1 ,2011-12,,
Miami Heat,46,20,0.697,4   ,35-13,9-5  ,28-5 ,18-15,2-4 ,2011-12,,
Indiana Pacers,42,24,0.636,8   ,29-19,9-4  ,23-10,19-14,4-2 ,2011-12,,
Boston Celtics,39,27,0.591,11  ,32-16,8-6  ,24-9 ,15-18,3-1 ,2011-12,,
Atlanta Hawks,40,26,0.606,10  ,31-17,11-3 ,23-10,17-16,5-3 ,2011-12,,
Orlando Magic,37,29,0.561,13  ,30-18,8-7  ,21-12,16-17,1-4 ,2011-12,,
New York Knicks,36,30,0.545,14  ,28-20,8-6  ,22-11,14-19,1-2 ,2011-12,,
Philadelphia 76ers,35,31,0.53,15  ,28-20,7-6  ,19-14,16-17,1-2 ,2011-12,,
Milwaukee Bucks,31,35,0.47,19  ,24-24,7-8  ,17-16,14-19,1-0 ,2011-12,,
Detroit Pistons,25,41,0.379,25  ,20-28,4-11 ,18-15,7-26 ,2-3 ,2011-12,,
Toronto Raptors,23,43,0.348,27  ,15-33,7-8  ,13-20,10-23,2-2 ,2011-12,,
Brooklyn Nets,22,44,0.333,28  ,16-32,5-9  ,9-24 ,13-20,2-0 ,2011-12,,
Cleveland Cavaliers,21,45,0.318,29  ,13-35,3-12 ,11-22,10-23,0-5 ,2011-12,,
Washington Wizards,20,46,0.303,30  ,16-32,7-7  ,11-22,9-24 ,1-0 ,2011-12,,
Charlotte Hornets,7,59,0.106,43  ,5-43 ,1-14 ,4-29 ,3-30 ,0-2 ,2011-12,,
San Antonio Spurs,50,16,0.758,--  ,35-13,12-4 ,28-5 ,22-11,3-1 ,2011-12,,
Oklahoma City Thunder,47,19,0.712,3   ,34-14,10-3 ,26-7 ,21-12,3-1 ,2011-12,,
Los Angeles Lakers,41,25,0.621,9   ,32-16,9-5  ,26-7 ,15-18,6-1 ,2011-12,,
Memphis Grizzlies,41,25,0.621,9   ,26-22,7-8  ,26-7 ,15-18,1-2 ,2011-12,,
Los Angeles Clippers,40,26,0.606,10  ,29-19,7-7  ,24-9 ,16-17,4-1 ,2011-12,,
Denver Nuggets,38,28,0.576,12  ,22-26,6-7  ,20-13,18-15,5-2 ,2011-12,,
Dallas Mavericks,36,30,0.545,14  ,26-22,8-5  ,23-10,13-20,3-3 ,2011-12,,
Utah Jazz,36,30,0.545,14  ,25-23,9-4  ,25-8 ,11-22,4-3 ,2011-12,,
Houston Rockets,34,32,0.515,16  ,23-25,6-8  ,22-11,12-21,3-6 ,2011-12,,
Phoenix Suns,33,33,0.5,17  ,23-25,9-5  ,19-14,14-19,0-0 ,2011-12,,
Portland Trail Blazers,28,38,0.424,22  ,20-28,4-10 ,20-13,8-25 ,1-3 ,2011-12,,
Minnesota Timberwolves,26,40,0.394,24  ,19-29,4-9  ,13-20,13-20,0-3 ,2011-12,,
Golden State Warriors,23,43,0.348,27  ,16-32,7-8  ,12-21,11-22,1-2 ,2011-12,,
Sacramento Kings,22,44,0.333,28  ,16-32,3-10 ,16-17,6-27 ,1-2 ,2011-12,,
New Orleans Pelicans,21,45,0.318,29  ,14-34,3-11 ,11-22,10-23,1-3 ,2011-12,,
Miami Heat,66,16,0.805,--  ,41-11,15-1 ,37-4 ,29-12,5-1 ,2012-13,,
New York Knicks,54,28,0.659,12  ,37-15,10-6 ,31-10,23-18,0-2 ,2012-13,,
Indiana Pacers,49,32,0.605,16.5,31-20,13-3 ,30-11,19-21,2-3 ,2012-13,,
Brooklyn Nets,49,33,0.598,17  ,36-16,11-5 ,26-15,23-18,5-0 ,2012-13,,
Chicago Bulls,45,37,0.549,21  ,34-18,9-7  ,24-17,21-20,4-2 ,2012-13,,
Atlanta Hawks,44,38,0.537,22  ,29-23,11-5 ,25-16,19-22,4-1 ,2012-13,,
Boston Celtics,41,40,0.506,24.5,27-24,7-9  ,27-13,14-27,7-4 ,2012-13,,
Milwaukee Bucks,38,44,0.463,28  ,24-28,7-9  ,21-20,17-24,3-3 ,2012-13,,
Philadelphia 76ers,34,48,0.415,32  ,22-30,7-9  ,23-18,11-30,2-1 ,2012-13,,
Toronto Raptors,34,48,0.415,32  ,22-30,5-11 ,21-20,13-28,2-7 ,2012-13,,
Detroit Pistons,29,53,0.354,37  ,25-27,8-8  ,18-23,11-30,0-3 ,2012-13,,
Washington Wizards,29,53,0.354,37  ,15-37,5-11 ,22-19,7-34 ,0-5 ,2012-13,,
Cleveland Cavaliers,24,58,0.293,42  ,18-34,3-13 ,14-27,10-31,0-1 ,2012-13,,
Charlotte Hornets,21,61,0.256,45  ,18-34,6-10 ,15-26,6-35 ,3-1 ,2012-13,,
Orlando Magic,20,62,0.244,46  ,10-42,3-13 ,12-29,8-33 ,1-3 ,2012-13,,
Oklahoma City Thunder,60,22,0.732,--  ,39-13,10-6 ,34-7 ,26-15,4-2 ,2012-13,,
San Antonio Spurs,58,24,0.707,2   ,33-19,12-4 ,35-6 ,23-18,4-3 ,2012-13,,
Denver Nuggets,57,25,0.695,3   ,38-14,11-5 ,38-3 ,19-22,4-2 ,2012-13,,
Los Angeles Clippers,56,26,0.683,4   ,35-17,11-5 ,32-9 ,24-17,0-2 ,2012-13,,
Memphis Grizzlies,56,26,0.683,4   ,34-18,10-6 ,32-9 ,24-17,4-1 ,2012-13,,
Golden State Warriors,47,35,0.573,13  ,28-24,9-7  ,28-13,19-22,2-2 ,2012-13,,
Los Angeles Lakers,45,37,0.549,15  ,28-24,8-8  ,29-12,16-25,3-0 ,2012-13,,
Houston Rockets,45,37,0.549,15  ,24-28,6-10 ,29-12,16-25,0-4 ,2012-13,,
Utah Jazz,43,39,0.524,17  ,26-26,9-7  ,30-11,13-28,3-3 ,2012-13,,
Dallas Mavericks,41,41,0.5,19  ,24-28,7-9  ,24-17,17-24,3-8 ,2012-13,,
Portland Trail Blazers,33,49,0.402,27  ,18-34,6-10 ,22-19,11-30,5-1 ,2012-13,,
Minnesota Timberwolves,31,51,0.378,29  ,17-35,4-12 ,20-21,11-30,1-1 ,2012-13,,
Sacramento Kings,28,54,0.341,32  ,14-38,7-9  ,20-21,8-33 ,0-4 ,2012-13,,
New Orleans Pelicans,27,55,0.329,33  ,15-37,5-11 ,16-25,11-30,1-3 ,2012-13,,
Phoenix Suns,25,57,0.305,35  ,17-35,5-11 ,17-24,8-33 ,3-2 ,2012-13,,
Indiana Pacers,56,26,0.683,--  ,38-14,12-4 ,35-6 ,21-20,4-0 ,2013-14,,
Miami Heat,54,28,0.659,2   ,34-18,12-4 ,32-9 ,22-19,2-4 ,2013-14,,
Toronto Raptors,48,34,0.585,8   ,32-20,11-5 ,26-15,22-19,1-6 ,2013-14,,
Chicago Bulls,48,34,0.585,8   ,35-17,11-5 ,27-14,21-20,3-3 ,2013-14,,
Washington Wizards,44,38,0.537,12  ,33-19,10-6 ,22-19,22-19,4-8 ,2013-14,,
Brooklyn Nets,44,38,0.537,12  ,26-26,9-7  ,28-13,16-25,3-4 ,2013-14,,
Charlotte Hornets,43,39,0.524,13  ,30-22,6-10 ,25-16,18-23,6-3 ,2013-14,,
Atlanta Hawks,38,44,0.463,18  ,28-24,8-8  ,24-17,14-27,4-1 ,2013-14,,
New York Knicks,37,45,0.451,19  ,26-26,10-6 ,19-22,18-23,2-3 ,2013-14,,
Cleveland Cavaliers,33,49,0.402,23  ,21-31,7-9  ,19-22,14-27,5-3 ,2013-14,,
Detroit Pistons,29,53,0.354,27  ,23-29,6-10 ,17-24,12-29,0-4 ,2013-14,,
Boston Celtics,25,57,0.305,31  ,21-31,5-11 ,16-25,9-32 ,1-1 ,2013-14,,
Orlando Magic,23,59,0.28,33  ,17-35,4-12 ,19-22,4-37 ,2-5 ,2013-14,,
Philadelphia 76ers,19,63,0.232,37  ,14-38,5-11 ,10-31,9-32 ,4-1 ,2013-14,,
Milwaukee Bucks,15,67,0.183,41  ,12-40,4-12 ,10-31,5-36 ,1-6 ,2013-14,,
San Antonio Spurs,62,20,0.756,--  ,38-14,12-4 ,32-9 ,30-11,2-0 ,2013-14,,
Oklahoma City Thunder,59,23,0.72,3   ,36-16,11-5 ,34-7 ,25-16,3-1 ,2013-14,,
Los Angeles Clippers,57,25,0.695,5   ,36-16,12-4 ,34-7 ,23-18,2-1 ,2013-14,,
Houston Rockets,54,28,0.659,8   ,31-21,11-5 ,33-8 ,21-20,3-2 ,2013-14,,
Portland Trail Blazers,54,28,0.659,8   ,31-21,13-3 ,31-10,23-18,5-2 ,2013-14,,
Golden State Warriors,51,31,0.622,11  ,31-21,11-5 ,27-14,24-17,3-3 ,2013-14,,
Memphis Grizzlies,50,32,0.61,12  ,29-23,4-12 ,27-14,23-18,3-2 ,2013-14,,
Dallas Mavericks,49,33,0.598,13  ,29-23,9-7  ,26-15,23-18,1-5 ,2013-14,,
Phoenix Suns,48,34,0.585,14  ,28-24,8-8  ,26-15,22-19,1-2 ,2013-14,,
Minnesota Timberwolves,40,42,0.488,22  ,23-29,7-9  ,24-17,16-25,3-2 ,2013-14,,
Denver Nuggets,36,46,0.439,26  ,20-32,5-11 ,22-19,14-27,0-3 ,2013-14,,
New Orleans Pelicans,34,48,0.415,28  ,15-37,4-12 ,22-19,12-29,5-0 ,2013-14,,
Sacramento Kings,28,54,0.341,34  ,15-37,3-13 ,17-24,11-30,4-2 ,2013-14,,
Los Angeles Lakers,27,55,0.329,35  ,15-37,6-10 ,14-27,13-28,0-1 ,2013-14,,
Utah Jazz,25,57,0.305,37  ,13-39,4-12 ,16-25,9-32 ,2-1 ,2013-14,,
Atlanta Hawks,60,22,0.732,--  ,38-14,12-4 ,35-6 ,25-16,0-1 ,2014-15,,
Cleveland Cavaliers,53,29,0.646,7   ,35-17,11-5 ,31-10,22-19,3-1 ,2014-15,,
Chicago Bulls,50,32,0.61,10  ,33-19,8-8  ,27-14,23-18,3-3 ,2014-15,,
Toronto Raptors,49,33,0.598,11  ,33-19,11-5 ,27-14,22-19,4-3 ,2014-15,,
Washington Wizards,46,36,0.561,14  ,30-22,10-6 ,29-12,17-24,4-4 ,2014-15,,
Milwaukee Bucks,41,41,0.5,19  ,30-22,7-9  ,23-18,18-23,3-3 ,2014-15,,
Boston Celtics,40,42,0.488,20  ,28-24,12-4 ,21-20,19-22,2-5 ,2014-15,,
Brooklyn Nets,38,44,0.463,22  ,24-28,10-6 ,19-22,19-22,2-4 ,2014-15,,
Indiana Pacers,38,44,0.463,22  ,28-24,8-8  ,23-18,15-26,3-3 ,2014-15,,
Miami Heat,37,45,0.451,23  ,25-27,6-10 ,20-21,17-24,2-0 ,2014-15,,
Charlotte Hornets,33,49,0.402,27  ,25-27,8-8  ,19-22,14-27,3-3 ,2014-15,,
Detroit Pistons,32,50,0.39,28  ,23-29,6-10 ,18-23,14-27,2-3 ,2014-15,,
Orlando Magic,25,57,0.305,35  ,15-37,4-12 ,13-28,12-29,2-1 ,2014-15,,
Philadelphia 76ers,18,64,0.22,42  ,12-40,2-14 ,12-29,6-35 ,1-4 ,2014-15,,
New York Knicks,17,65,0.207,43  ,11-41,5-11 ,10-31,7-34 ,2-4 ,2014-15,,
Golden State Warriors,67,15,0.817,--  ,42-10,13-3 ,39-2 ,28-13,1-1 ,2014-15,,
Houston Rockets,56,26,0.683,11  ,33-19,8-8  ,30-11,26-15,5-0 ,2014-15,,
Los Angeles Clippers,56,26,0.683,11  ,37-15,12-4 ,30-11,26-15,1-1 ,2014-15,,
Portland Trail Blazers,51,31,0.622,16  ,31-21,11-5 ,32-9 ,19-22,4-1 ,2014-15,,
Memphis Grizzlies,55,27,0.671,12  ,35-17,9-7  ,31-10,24-17,4-1 ,2014-15,,
San Antonio Spurs,55,27,0.671,12  ,32-20,8-8  ,33-8 ,22-19,1-6 ,2014-15,,
Dallas Mavericks,50,32,0.61,17  ,29-23,7-9  ,27-14,23-18,6-0 ,2014-15,,
New Orleans Pelicans,45,37,0.549,22  ,29-23,8-8  ,28-13,17-24,0-3 ,2014-15,,
Oklahoma City Thunder,45,37,0.549,22  ,25-27,10-6 ,29-12,16-25,3-3 ,2014-15,,
Phoenix Suns,39,43,0.476,28  ,21-31,6-10 ,22-19,17-24,2-4 ,2014-15,,
Utah Jazz,38,44,0.463,29  ,23-29,9-7  ,21-20,17-24,0-1 ,2014-15,,
Denver Nuggets,30,52,0.366,37  ,19-33,6-10 ,19-22,11-30,2-4 ,2014-15,,
Sacramento Kings,29,53,0.354,38  ,18-34,7-9  ,18-23,11-30,3-3 ,2014-15,,
Los Angeles Lakers,21,61,0.256,46  ,9-43 ,2-14 ,12-29,9-32 ,6-3 ,2014-15,,
Minnesota Timberwolves,16,66,0.195,51  ,7-45 ,4-12 ,9-32 ,7-34 ,2-3 ,2014-15,,
Cleveland Cavaliers,57,25,0.695,--  ,35-17,8-8  ,33-8 ,24-17,3-3 ,2015-16,,
Toronto Raptors,56,26,0.683,1   ,39-13,14-2 ,32-9 ,24-17,3-1 ,2015-16,,
Miami Heat,48,34,0.585,9   ,31-21,10-6 ,28-13,20-21,3-3 ,2015-16,,
Atlanta Hawks,48,34,0.585,9   ,29-23,8-8  ,27-14,21-20,0-5 ,2015-16,,
Boston Celtics,48,34,0.585,9   ,31-21,10-6 ,28-13,20-21,1-2 ,2015-16,,
Charlotte Hornets,48,34,0.585,9   ,33-19,8-8  ,30-11,18-23,5-0 ,2015-16,,
Indiana Pacers,45,37,0.549,12  ,30-22,8-8  ,26-15,19-22,1-7 ,2015-16,,
Detroit Pistons,44,38,0.537,13  ,29-23,10-6 ,26-15,18-23,4-1 ,2015-16,,
Chicago Bulls,42,40,0.512,15  ,25-27,10-6 ,26-15,16-25,2-4 ,2015-16,,
Washington Wizards,41,41,0.5,16  ,30-22,10-6 ,22-19,19-22,0-2 ,2015-16,,
Orlando Magic,35,47,0.427,22  ,21-31,4-12 ,23-18,12-29,3-5 ,2015-16,,
Milwaukee Bucks,33,49,0.402,24  ,21-31,4-12 ,23-18,10-31,4-0 ,2015-16,,
New York Knicks,32,50,0.39,25  ,21-31,8-8  ,18-23,14-27,2-2 ,2015-16,,
Brooklyn Nets,21,61,0.256,36  ,12-40,6-10 ,14-27,7-34 ,1-2 ,2015-16,,
Philadelphia 76ers,10,72,0.122,47  ,3-49 ,2-14 ,7-34 ,3-38 ,0-4 ,2015-16,,
Golden State Warriors,73,9,0.89,--  ,46-6 ,15-1 ,39-2 ,34-7 ,6-1 ,2015-16,,
San Antonio Spurs,67,15,0.817,6   ,43-9 ,14-2 ,40-1 ,27-14,1-0 ,2015-16,,
Oklahoma City Thunder,55,27,0.671,18  ,37-15,13-3 ,32-9 ,23-18,3-2 ,2015-16,,
Los Angeles Clippers,53,29,0.646,20  ,31-21,9-7  ,29-12,24-17,5-1 ,2015-16,,
Portland Trail Blazers,44,38,0.537,29  ,29-23,11-5 ,28-13,16-25,2-3 ,2015-16,,
Dallas Mavericks,42,40,0.512,31  ,27-25,7-9  ,23-18,19-22,8-4 ,2015-16,,
Memphis Grizzlies,42,40,0.512,31  ,25-27,7-9  ,26-15,16-25,3-3 ,2015-16,,
Houston Rockets,41,41,0.5,32  ,28-24,8-8  ,23-18,18-23,4-2 ,2015-16,,
Utah Jazz,40,42,0.488,33  ,24-28,8-8  ,24-17,16-25,5-5 ,2015-16,,
Sacramento Kings,33,49,0.402,40  ,19-33,8-8  ,18-23,15-26,0-3 ,2015-16,,
Denver Nuggets,33,49,0.402,40  ,18-34,4-12 ,18-23,15-26,2-4 ,2015-16,,
New Orleans Pelicans,30,52,0.366,43  ,20-32,4-12 ,21-20,9-32 ,1-3 ,2015-16,,
Minnesota Timberwolves,29,53,0.354,44  ,18-34,4-12 ,14-27,15-26,4-3 ,2015-16,,
Phoenix Suns,23,59,0.28,50  ,17-35,6-10 ,14-27,9-32 ,0-1 ,2015-16,,
Los Angeles Lakers,17,65,0.207,56  ,8-44 ,2-14 ,12-29,5-36 ,1-1 ,2015-16,,
Boston Celtics,53,29,0.646,--  ,36-16,11-5 ,30-11,23-18,2-1 ,2016-17,,
Cleveland Cavaliers,51,31,0.622,2   ,35-17,8-8  ,31-10,20-21,3-4 ,2016-17,,
Toronto Raptors,51,31,0.622,2   ,34-18,14-2 ,28-13,23-18,3-1 ,2016-17,,
Washington Wizards,49,33,0.598,4   ,32-20,8-8  ,30-11,19-22,4-3 ,2016-17,,
Atlanta Hawks,43,39,0.524,10  ,30-22,6-10 ,23-18,20-21,5-0 ,2016-17,,
Milwaukee Bucks,42,40,0.512,11  ,27-25,10-6 ,23-18,19-22,1-3 ,2016-17,,
Indiana Pacers,42,40,0.512,11  ,26-26,8-8  ,29-12,13-28,4-2 ,2016-17,,
Chicago Bulls,41,41,0.5,12  ,28-24,9-7  ,25-16,16-25,2-2 ,2016-17,,
Miami Heat,41,41,0.5,12  ,27-25,9-7  ,23-18,18-23,2-1 ,2016-17,,
Detroit Pistons,37,45,0.451,16  ,21-31,5-11 ,24-17,13-28,3-1 ,2016-17,,
Charlotte Hornets,36,46,0.439,17  ,22-30,10-6 ,22-19,14-27,0-6 ,2016-17,,
New York Knicks,31,51,0.378,22  ,22-30,5-11 ,19-22,12-29,1-3 ,2016-17,,
Orlando Magic,29,53,0.354,24  ,20-32,7-9  ,16-25,13-28,2-2 ,2016-17,,
Philadelphia 76ers,28,54,0.341,25  ,19-33,7-9  ,17-24,11-30,1-4 ,2016-17,,
Brooklyn Nets,20,62,0.244,33  ,11-41,3-13 ,13-28,7-34 ,1-1 ,2016-17,,
Golden State Warriors,67,15,0.817,--  ,42-10,14-2 ,36-5 ,31-10,0-3 ,2016-17,,
San Antonio Spurs,61,21,0.744,6   ,36-16,11-5 ,31-10,30-11,4-1 ,2016-17,,
Houston Rockets,55,27,0.671,12  ,36-16,10-6 ,30-11,25-16,3-0 ,2016-17,,
Los Angeles Clippers,51,31,0.622,16  ,31-21,10-6 ,29-12,22-19,1-1 ,2016-17,,
Utah Jazz,51,31,0.622,16  ,31-21,8-8  ,29-12,22-19,2-1 ,2016-17,,
Oklahoma City Thunder,47,35,0.573,20  ,29-23,10-6 ,28-13,19-22,4-1 ,2016-17,,
Memphis Grizzlies,43,39,0.524,24  ,28-24,8-8  ,24-17,19-22,5-2 ,2016-17,,
Portland Trail Blazers,41,41,0.5,26  ,28-24,11-5 ,25-16,16-25,4-5 ,2016-17,,
Denver Nuggets,40,42,0.488,27  ,24-28,6-10 ,22-19,18-23,0-3 ,2016-17,,
New Orleans Pelicans,34,48,0.415,33  ,20-32,6-10 ,21-20,13-28,3-5 ,2016-17,,
Dallas Mavericks,33,49,0.402,34  ,19-33,5-11 ,21-20,12-29,2-2 ,2016-17,,
Sacramento Kings,32,50,0.39,35  ,21-31,7-9  ,17-24,15-26,2-6 ,2016-17,,
Minnesota Timberwolves,31,51,0.378,36  ,18-34,5-11 ,20-21,11-30,2-3 ,2016-17,,
Los Angeles Lakers,26,56,0.317,41  ,16-36,6-10 ,17-24,9-32 ,1-0 ,2016-17,,
Phoenix Suns,24,58,0.293,43  ,11-41,3-13 ,15-26,9-32 ,3-3 ,2016-17,,
Toronto Raptors,59,23,0.72,--  ,40-12,12-4 ,34-7 ,25-16,4-2 ,2017-18,,
Boston Celtics,55,27,0.671,4   ,33-19,12-4 ,27-14,28-13,2-2 ,2017-18,,
Philadelphia 76ers,52,30,0.634,7   ,34-18,9-7  ,30-11,22-19,1-1 ,2017-18,,
Cleveland Cavaliers,50,32,0.61,9   ,35-17,11-5 ,29-12,21-20,2-0 ,2017-18,,
Indiana Pacers,48,34,0.585,11  ,32-20,10-6 ,27-14,21-20,3-0 ,2017-18,,
Miami Heat,44,38,0.537,15  ,31-21,11-5 ,26-15,18-23,3-6 ,2017-18,,
Milwaukee Bucks,44,38,0.537,15  ,27-25,6-10 ,25-16,19-22,3-3 ,2017-18,,
Washington Wizards,43,39,0.524,16  ,28-24,8-8  ,23-18,20-21,3-3 ,2017-18,,
Detroit Pistons,39,43,0.476,20  ,24-28,9-7  ,25-16,14-27,1-4 ,2017-18,,
Charlotte Hornets,36,46,0.439,23  ,22-30,11-5 ,21-20,15-26,2-2 ,2017-18,,
New York Knicks,29,53,0.354,30  ,17-35,6-10 ,19-22,10-31,1-4 ,2017-18,,
Brooklyn Nets,28,54,0.341,31  ,19-33,1-15 ,15-26,13-28,1-5 ,2017-18,,
Chicago Bulls,27,55,0.329,32  ,21-31,4-12 ,17-24,10-31,2-3 ,2017-18,,
Orlando Magic,25,57,0.305,34  ,15-37,5-11 ,17-24,8-33 ,2-0 ,2017-18,,
Atlanta Hawks,24,58,0.293,35  ,12-40,5-11 ,16-25,8-33 ,0-1 ,2017-18,,
Houston Rockets,65,17,0.793,--  ,41-11,12-4 ,34-7 ,31-10,2-0 ,2017-18,,
Golden State Warriors,58,24,0.707,7   ,34-18,13-3 ,29-12,29-12,2-0 ,2017-18,,
Portland Trail Blazers,49,33,0.598,16  ,31-21,9-7  ,28-13,21-20,2-1 ,2017-18,,
Oklahoma City Thunder,48,34,0.585,17  ,28-24,5-11 ,27-14,21-20,3-1 ,2017-18,,
Utah Jazz,48,34,0.585,17  ,34-18,7-9  ,28-13,20-21,2-1 ,2017-18,,
New Orleans Pelicans,48,34,0.585,17  ,27-25,9-7  ,24-17,24-17,7-2 ,2017-18,,
San Antonio Spurs,47,35,0.573,18  ,29-23,9-7  ,33-8 ,14-27,1-1 ,2017-18,,
Minnesota Timberwolves,47,35,0.573,18  ,34-18,10-6 ,30-11,17-24,3-2 ,2017-18,,
Denver Nuggets,46,36,0.561,19  ,28-24,9-7  ,31-10,15-26,3-4 ,2017-18,,
Los Angeles Clippers,42,40,0.512,23  ,24-28,12-4 ,22-19,20-21,0-1 ,2017-18,,
Los Angeles Lakers,35,47,0.427,30  ,19-33,6-10 ,20-21,15-26,3-5 ,2017-18,,
Sacramento Kings,27,55,0.329,38  ,14-38,5-11 ,14-27,13-28,3-0 ,2017-18,,
Dallas Mavericks,24,58,0.293,41  ,14-38,5-11 ,15-26,9-32 ,0-5 ,2017-18,,
Memphis Grizzlies,22,60,0.268,43  ,18-34,5-11 ,16-25,6-35 ,0-1 ,2017-18,,
Phoenix Suns,21,61,0.256,44  ,15-37,4-12 ,10-31,11-30,0-1 ,2017-18,,
Milwaukee Bucks,60,22,0.732,--  ,40-12,14-2 ,33-8 ,27-14,1-3 ,2018-19,,
Toronto Raptors,58,24,0.707,2   ,36-16,12-4 ,32-9 ,26-15,4-3 ,2018-19,,
Philadelphia 76ers,51,31,0.622,9   ,31-21,8-8  ,31-10,20-21,2-3 ,2018-19,,
Boston Celtics,49,33,0.598,11  ,35-17,10-6 ,28-13,21-20,4-0 ,2018-19,,
Indiana Pacers,48,34,0.585,12  ,33-19,11-5 ,29-12,19-22,1-0 ,2018-19,,
Brooklyn Nets,42,40,0.512,18  ,29-23,8-8  ,23-18,19-22,5-2 ,2018-19,,
Orlando Magic,42,40,0.512,18  ,30-22,10-6 ,25-16,17-24,1-3 ,2018-19,,
Detroit Pistons,41,41,0.5,19  ,27-25,8-8  ,26-15,15-26,5-2 ,2018-19,,
Charlotte Hornets,39,43,0.476,21  ,29-23,10-6 ,25-16,14-27,1-4 ,2018-19,,
Miami Heat,39,43,0.476,21  ,23-29,7-9  ,19-22,20-21,1-1 ,2018-19,,
Washington Wizards,32,50,0.39,28  ,19-33,7-9  ,22-19,10-31,3-4 ,2018-19,,
Atlanta Hawks,29,53,0.354,31  ,16-36,6-10 ,17-24,12-29,3-1 ,2018-19,,
Chicago Bulls,22,60,0.268,38  ,16-36,3-13 ,9-32 ,13-28,3-2 ,2018-19,,
Cleveland Cavaliers,19,63,0.232,41  ,15-37,4-12 ,13-28,6-35 ,0-1 ,2018-19,,
New York Knicks,17,65,0.207,43  ,11-41,2-14 ,9-32 ,8-33 ,2-1 ,2018-19,,
Golden State Warriors,57,25,0.695,--  ,35-17,13-3 ,30-11,27-14,0-5 ,2018-19,,
Denver Nuggets,54,28,0.659,3   ,34-18,12-4 ,34-7 ,20-21,2-0 ,2018-19,,
Portland Trail Blazers,53,29,0.646,4   ,29-23,6-10 ,32-9 ,21-20,4-2 ,2018-19,,
Houston Rockets,53,29,0.646,4   ,32-20,10-6 ,31-10,22-19,2-4 ,2018-19,,
Utah Jazz,50,32,0.61,7   ,30-22,8-8  ,29-12,21-20,0-2 ,2018-19,,
Oklahoma City Thunder,49,33,0.598,8   ,28-24,9-7  ,27-14,22-19,2-3 ,2018-19,,
San Antonio Spurs,48,34,0.585,9   ,30-22,10-6 ,32-9 ,16-25,3-1 ,2018-19,,
Los Angeles Clippers,48,34,0.585,9   ,28-24,11-5 ,26-15,22-19,5-1 ,2018-19,,
Sacramento Kings,39,43,0.476,18  ,21-31,4-12 ,24-17,15-26,0-2 ,2018-19,,
Los Angeles Lakers,37,45,0.451,20  ,25-27,9-7  ,22-19,15-26,2-2 ,2018-19,,
Minnesota Timberwolves,36,46,0.439,21  ,22-30,5-11 ,25-16,11-30,3-3 ,2018-19,,
Memphis Grizzlies,33,49,0.402,24  ,24-28,8-8  ,21-20,12-29,3-4 ,2018-19,,
New Orleans Pelicans,33,49,0.402,24  ,23-29,8-8  ,19-22,14-27,1-2 ,2018-19,,
Dallas Mavericks,33,49,0.402,24  ,18-34,4-12 ,24-17,9-32 ,1-3 ,2018-19,,
Phoenix Suns,19,63,0.232,38  ,11-41,3-13 ,12-29,7-34 ,3-3 ,2018-19,,
Milwaukee Bucks,56,17,0.767,--  ,37-7 ,13-1 ,30-5 ,26-12,1-2 ,2019-20,,
Toronto Raptors,53,19,0.736,2.5 ,34-11,9-5  ,26-10,27-9 ,2-2 ,2019-20,,
Boston Celtics,48,24,0.667,7.5 ,30-13,9-6  ,26-10,22-14,2-3 ,2019-20,,
Indiana Pacers,45,28,0.616,11  ,28-19,8-7  ,25-11,20-17,3-1 ,2019-20,,
Miami Heat,44,29,0.603,12  ,30-13,10-4 ,29-7 ,15-22,8-1 ,2019-20,,
Philadelphia 76ers,43,30,0.589,13  ,28-18,11-5 ,31-4 ,12-26,1-2 ,2019-20,,
Brooklyn Nets,35,37,0.486,20.5,23-23,6-10 ,20-16,15-21,3-5 ,2019-20,,
Orlando Magic,33,40,0.452,23  ,20-23,9-5  ,18-17,15-23,1-1 ,2019-20,,
Washington Wizards,25,47,0.347,30.5,18-27,5-9  ,16-20,9-27 ,0-3 ,2019-20,,
Charlotte Hornets,23,42,0.354,29  ,16-24,2-7  ,10-21,13-21,2-3 ,2019-20,,
Chicago Bulls,22,43,0.338,30  ,15-28,7-9  ,14-20,8-23 ,1-2 ,2019-20,,
New York Knicks,21,45,0.318,31.5,15-28,2-11 ,11-22,10-23,3-1 ,2019-20,,
Detroit Pistons,20,46,0.303,32.5,12-31,5-10 ,11-22,9-24 ,1-4 ,2019-20,,
Atlanta Hawks,20,47,0.299,33  ,11-32,6-7  ,14-20,6-27 ,2-4 ,2019-20,,
Cleveland Cavaliers,19,46,0.292,33  ,12-32,4-10 ,11-25,8-21 ,4-1 ,2019-20,,
Los Angeles Lakers,52,19,0.732,--  ,36-10,10-3 ,25-10,27-9 ,2-0 ,2019-20,,
Los Angeles Clippers,49,23,0.681,3.5 ,32-16,8-6  ,27-9 ,22-14,2-1 ,2019-20,,
Denver Nuggets,46,27,0.63,7   ,29-16,12-2 ,26-11,20-16,5-3 ,2019-20,,
Houston Rockets,44,28,0.611,8.5 ,28-19,8-5  ,24-12,20-16,2-1 ,2019-20,,
Oklahoma City Thunder,44,28,0.611,8.5 ,27-19,8-5  ,23-14,21-14,4-2 ,2019-20,,
Utah Jazz,44,28,0.611,8.5 ,24-21,5-7  ,23-12,21-16,0-2 ,2019-20,,
Dallas Mavericks,43,32,0.573,11  ,27-20,10-4 ,20-18,23-14,3-4 ,2019-20,,
Portland Trail Blazers,35,39,0.473,18.5,20-27,5-8  ,21-15,14-24,3-0 ,2019-20,,
Memphis Grizzlies,34,39,0.466,19  ,20-26,4-9  ,20-17,14-22,1-1 ,2019-20,,
Phoenix Suns,34,39,0.466,19  ,19-27,6-9  ,17-22,17-17,1-2 ,2019-20,,
San Antonio Spurs,32,39,0.451,20  ,20-23,7-6  ,19-15,13-24,4-2 ,2019-20,,
Sacramento Kings,31,41,0.431,21.5,23-23,8-5  ,16-19,15-22,2-4 ,2019-20,,
New Orleans Pelicans,30,42,0.417,22.5,18-30,4-9  ,15-21,15-21,2-4 ,2019-20,,
Minnesota Timberwolves,19,45,0.297,29.5,9-30 ,2-10 ,8-24 ,11-21,4-3 ,2019-20,,
Golden State Warriors,15,50,0.231,34  ,9-34 ,2-11 ,8-26 ,7-24 ,0-5 ,2019-20,,
Philadelphia 76ers,49,23,0.681,--  ,31-11,10-2 ,29-7 ,20-16,4-2 ,2020-21,,
Brooklyn Nets,48,24,0.667,1   ,26-16,8-4  ,28-8 ,20-16,2-2 ,2020-21,,
Milwaukee Bucks,46,26,0.639,3   ,30-12,11-1 ,26-10,20-16,1-1 ,2020-21,,
New York Knicks,41,31,0.569,8   ,25-17,4-8  ,25-11,16-20,4-2 ,2020-21,,
Atlanta Hawks,41,31,0.569,8   ,24-18,9-3  ,25-11,16-20,2-2 ,2020-21,,
Miami Heat,40,32,0.556,9   ,24-18,6-6  ,21-15,19-17,0-4 ,2020-21,,
Boston Celtics,36,36,0.5,13  ,20-22,4-8  ,21-15,15-21,2-2 ,2020-21,,
Washington Wizards,34,38,0.472,15  ,16-26,3-9  ,19-17,15-21,4-1 ,2020-21,,
Indiana Pacers,34,38,0.472,15  ,20-22,7-5  ,13-23,21-15,5-2 ,2020-21,,
Charlotte Hornets,33,39,0.458,16  ,20-22,8-4  ,18-18,15-21,1-2 ,2020-21,,
Chicago Bulls,31,41,0.431,18  ,21-21,7-5  ,15-21,16-20,2-2 ,2020-21,,
Toronto Raptors,27,45,0.375,22  ,17-25,4-8  ,16-20,11-25,0-1 ,2020-21,,
Cleveland Cavaliers,22,50,0.306,27  ,16-26,4-8  ,13-23,9-27 ,3-1 ,2020-21,,
Orlando Magic,21,51,0.292,28  ,13-29,4-8  ,11-25,10-26,1-1 ,2020-21,,
Detroit Pistons,20,52,0.278,29  ,12-30,1-11 ,13-23,7-29 ,1-3 ,2020-21,,
Utah Jazz,52,20,0.722,--  ,28-14,7-5  ,31-5 ,21-15,0-3 ,2020-21,,
Phoenix Suns,51,21,0.708,1   ,30-12,7-5  ,27-9 ,24-12,4-3 ,2020-21,,
Denver Nuggets,47,25,0.653,5   ,26-16,9-3  ,25-11,22-14,4-2 ,2020-21,,
Los Angeles Clippers,47,25,0.653,5   ,27-15,9-3  ,26-10,21-15,0-0 ,2020-21,,
Dallas Mavericks,42,30,0.583,10  ,21-21,7-5  ,21-15,21-15,1-0 ,2020-21,,
Portland Trail Blazers,42,30,0.583,10  ,23-19,6-6  ,20-16,22-14,1-0 ,2020-21,,
Los Angeles Lakers,42,30,0.583,10  ,25-17,4-8  ,21-15,21-15,5-1 ,2020-21,,
Memphis Grizzlies,38,34,0.528,14  ,19-23,6-6  ,18-18,20-16,2-2 ,2020-21,,
Golden State Warriors,39,33,0.542,13  ,25-17,5-7  ,25-11,14-22,1-0 ,2020-21,,
San Antonio Spurs,33,39,0.458,19  ,17-25,6-6  ,14-22,19-17,2-5 ,2020-21,,
New Orleans Pelicans,31,41,0.431,21  ,18-24,6-6  ,18-18,13-23,2-4 ,2020-21,,
Sacramento Kings,31,41,0.431,21  ,18-24,5-7  ,16-20,15-21,1-0 ,2020-21,,
Minnesota Timberwolves,23,49,0.319,29  ,15-27,5-7  ,13-23,10-26,0-5 ,2020-21,,
Oklahoma City Thunder,22,50,0.306,30  ,12-30,3-9  ,10-26,12-24,1-2 ,2020-21,,
Houston Rockets,17,55,0.236,35  ,11-31,5-7  ,9-27 ,8-28 ,0-1 ,2020-21,,
Miami Heat,35,20,0.636,--,22-12,10-2,18-6,17-14,0-3,2021-22,W 3,6-4
Milwaukee Bucks,35,21,0.625,0.5,21-16,7-3,19-9,16-12,0-2,2021-22,W 4,8-2
Chicago Bulls,34,21,0.618,1,23-13,7-3,19-8,15-13,0-1,2021-22,W 1,6-4
Cleveland Cavaliers,34,21,0.618,1,19-11,6-3,18-9,16-12,0-0,2021-22,W 3,7-3
Philadelphia 76ers,32,22,0.593,2.5,18-13,4-6,14-12,18-10,2-1,2021-22,L 1,6-4
Toronto Raptors,30,23,0.566,4,21-14,5-5,16-12,14-11,2-1,2021-22,W 7,8-2
Boston Celtics,31,25,0.554,4.5,22-14,6-6,18-10,13-15,4-2,2021-22,W 6,8-2
Brooklyn Nets,29,25,0.537,5.5,20-10,6-2,12-14,17-11,2-0,2021-22,L 9,1-9
Charlotte Hornets,28,28,0.5,7.5,18-17,5-6,14-12,14-16,0-4,2021-22,L 6,2-8
Atlanta Hawks,26,28,0.481,8.5,15-17,6-5,16-12,10-16,0-0,2021-22,W 1,7-3
Washington Wizards,24,29,0.453,10,17-18,6-6,13-14,11-15,3-0,2021-22,L 2,2-8
New York Knicks,24,31,0.436,11,14-21,4-6,13-15,11-16,1-1,2021-22,L 4,2-8
Indiana Pacers,19,37,0.339,16.5,8-27,2-9,13-15,6-22,3-3,2021-22,L 4,2-8
Orlando Magic,13,43,0.232,22.5,8-30,2-10,5-20,8-23,0-1,2021-22,W 1,5-5
Detroit Pistons,12,42,0.222,22.5,8-21,3-7,8-18,4-24,1-1,2021-22,L 5,1-9
Phoenix Suns,44,10,0.815,--,26-7,5-4,22-5,22-5,1-0,2021-22,W 3,9-1
Golden State Warriors,41,14,0.745,3.5,24-9,8-1,25-4,16-10,0-2,2021-22,L 1,9-1
Memphis Grizzlies,38,18,0.679,7,27-11,5-4,20-9,18-9,2-1,2021-22,W 3,7-3
Utah Jazz,34,21,0.618,10.5,21-11,11-1,19-10,15-11,0-0,2021-22,W 4,5-5
Dallas Mavericks,32,23,0.582,12.5,22-13,10-2,19-10,13-13,1-2,2021-22,W 3,6-4
Denver Nuggets,30,24,0.556,14,17-17,4-8,15-10,15-14,2-0,2021-22,W 2,7-3
Minnesota Timberwolves,29,26,0.527,15.5,20-18,7-4,16-10,13-16,1-1,2021-22,L 1,7-3
Los Angeles Clippers,27,29,0.482,18,14-21,4-5,16-13,11-16,0-2,2021-22,L 2,5-5
Los Angeles Lakers,26,30,0.464,19,14-18,2-7,17-13,9-17,6-1,2021-22,L 2,3-7
New Orleans Pelicans,22,32,0.407,22,14-17,4-4,12-13,10-19,1-1,2021-22,W 4,6-4
Portland Trail Blazers,22,34,0.393,23,10-24,1-8,15-16,7-18,0-1,2021-22,W 1,2-8
Sacramento Kings,21,36,0.368,24.5,15-22,5-7,15-17,6-19,1-0,2021-22,W 1,3-7
San Antonio Spurs,20,35,0.364,24.5,12-20,3-6,11-18,9-17,0-3,2021-22,L 1,3-7
Oklahoma City Thunder,17,37,0.315,27,13-23,3-5,9-18,8-19,1-1,2021-22,L 3,3-7
Houston Rockets,15,39,0.278,29,7-25,2-8,8-17,7-22,1-0,2021-22,L 3,3-7
